Name,Location,Year,Kilometers_Driven,Fuel_Type,Transmission,Owner_Type,Mileage,Engine,Power,Seats,Car_age
16,4,2014,40929,0,1,0,32.26,998.0,58.2,4.0,6
16,3,2013,54493,3,1,2,24.7,796.0,47.3,5.0,7
26,9,2017,34000,1,1,0,13.68,2393.0,147.8,7.0,3
26,5,2012,139000,1,1,0,23.59,1364.0,110.38042013311147,5.0,8
9,9,2014,29000,3,1,0,18.5,1197.0,82.85,5.0,6
15,3,2016,85609,1,1,2,16.0,2179.0,140.0,7.0,4
26,10,2015,59000,1,0,0,12.55,2982.0,168.7,7.0,5
9,6,2013,65000,3,1,0,21.1,814.0,55.2,5.0,7
8,9,2011,66000,3,1,2,17.0,1497.0,118.0,5.0,9
15,3,2015,54684,1,1,0,15.1,2179.0,140.0,7.0,5
0,9,2012,78000,1,0,2,12.8,1968.0,167.6,5.0,8
9,6,2016,21000,3,1,0,18.9,1197.0,82.0,5.0,4
26,2,2007,90000,3,1,3,13.4,1794.0,125.0,5.0,13
16,3,2008,87628,1,1,0,17.8,1248.0,75.0,5.0,12
20,9,2014,45000,3,1,0,13.24,1598.0,102.5,5.0,6
1,3,2013,30788,1,0,0,17.05,1995.0,184.0,5.0,7
1,5,2015,39524,1,0,0,19.59,1995.0,184.0,5.0,5
6,2,2009,140000,1,1,0,13.8,1399.0,68.0,5.0,11
16,7,2019,15409,3,0,0,22.0,1197.0,81.8,5.0,1
16,6,2015,36502,3,1,0,17.5,1298.0,85.8,5.0,5
16,10,2016,200000,1,1,0,23.2,1248.0,73.94,5.0,4
20,4,2010,70000,3,1,0,18.06,1198.0,75.0,5.0,10
16,7,2017,36701,3,1,0,24.7,796.0,47.3,5.0,3
24,1,2009,72000,3,1,2,17.5,1593.5849673202615,110.38042013311147,5.28454619787408,11
8,1,2011,40000,3,1,2,15.5,1799.0,132.0,5.0,9
6,10,2005,47000,3,1,2,13.8,1299.0,70.0,5.0,15
16,10,2006,93500,3,1,2,19.7,796.0,46.3,5.0,14
8,10,2015,52000,1,1,0,27.3,1498.0,98.6,5.0,5
24,4,2015,55429,1,0,2,21.66,1498.0,103.52,5.0,5
9,9,2011,133000,3,1,2,17.0,1197.0,80.0,5.0,9
26,2,2014,70000,1,1,2,23.59,1364.0,67.06,5.0,6
27,10,2014,68000,1,1,0,15.11,1598.0,103.6,5.0,6
9,10,2010,71000,3,1,2,19.81,1086.0,68.05,5.0,10
19,2,2012,121000,1,1,0,10.5,2835.0,107.2,6.0,8
16,8,2015,107000,1,1,0,23.4,1248.0,74.0,5.0,5
16,2,2015,51000,3,1,0,19.1,1197.0,85.8,5.0,5
24,9,2017,13500,3,0,0,14.84,1598.0,103.52,5.0,3
9,1,2016,13000,3,1,0,15.29,1591.0,121.3,5.0,4
26,10,2010,81000,1,1,0,12.8,2494.0,102.0,8.0,10
1,9,2012,66889,1,0,0,22.48,1995.0,190.0,5.0,8
16,0,2018,32000,1,1,0,27.39,1248.0,74.0,5.0,2
0,10,2013,87001,1,0,0,17.11,1968.0,174.33,5.0,7
0,5,2013,55000,1,0,2,16.55,1968.0,140.0,5.0,7
24,6,2018,4000,3,1,0,15.41,1598.0,103.52,5.0,2
16,7,2017,27778,1,1,0,24.52,1248.0,88.5,7.0,3
16,9,2017,5000,3,1,0,20.73,1373.0,91.1,5.0,3
16,10,2014,72000,3,1,0,20.73,1373.0,91.1,5.0,6
17,2,2015,21000,1,0,0,20.0,2143.0,136.0,5.0,5
26,7,2015,59299,1,1,0,12.99,2494.0,100.6,7.0,5
1,0,2014,75000,1,0,0,18.88,1995.0,184.0,5.0,6
16,7,2019,3413,3,1,0,24.7,796.0,47.3,5.0,1
6,9,2014,62000,1,1,0,22.7,1498.0,89.84,5.0,6
6,9,2010,105001,1,0,0,11.4,2953.0,153.86,7.0,10
0,9,2013,89000,1,0,0,14.16,1968.0,174.3,5.0,7
9,9,2014,21000,3,1,0,17.01,1591.0,121.3,5.0,6
15,8,2014,50000,1,1,0,15.1,2179.0,140.0,7.0,6
16,5,2016,70687,1,1,0,24.3,1248.0,88.5,5.0,4
26,10,2016,104350,1,1,0,23.59,1364.0,67.04,5.0,4
25,2,2011,150000,1,1,2,19.09,1396.0,69.0,5.0,9
8,4,2008,81000,3,1,0,17.7,1497.0,78.0,5.0,12
26,8,2008,89000,3,1,2,14.53,1798.0,138.1,5.0,12
9,7,2017,35223,3,1,0,18.9,1197.0,82.0,5.0,3
9,8,2015,48000,3,1,0,18.6,1197.0,81.83,5.0,5
27,4,2015,60000,1,1,0,20.14,1498.0,88.8,5.0,5
16,9,2018,7000,3,1,0,23.0,998.0,67.0,5.0,2
3,7,2015,47572,3,1,0,18.2,1199.0,82.5,5.0,5
15,4,2010,72727,1,1,2,15.4,2179.0,120.0,8.0,10
27,9,2018,4708,1,1,0,21.66,1498.0,108.62,5.0,2
16,4,2009,55000,3,1,2,18.9,998.0,67.1,5.0,11
8,3,2013,44198,3,1,2,18.4,1198.0,86.8,5.0,7
16,0,2015,35000,3,1,0,16.02,1373.0,93.7,7.0,5
9,0,2013,63831,3,1,0,0.0,1086.0,62.0,5.0,7
6,4,2017,17540,3,1,0,18.16,1196.0,86.8,5.0,3
25,9,2017,14000,3,0,0,23.84,1199.0,84.0,5.0,3
9,1,2007,47000,3,1,2,0.0,1086.0,110.38042013311147,5.0,13
3,2,2010,75422,3,1,2,18.6,1199.0,79.4,5.0,10
20,5,2011,67000,1,1,2,23.08,1461.0,63.1,5.0,9
26,4,2013,79999,1,1,0,12.99,2494.0,100.0,8.0,7
9,8,2017,5044,3,1,0,20.14,1197.0,81.86,5.0,3
16,8,2016,31601,3,1,0,20.73,1373.0,91.1,5.0,4
1,4,2014,70000,1,0,0,18.12,1995.0,190.0,5.0,6
26,0,2016,16000,3,0,0,19.16,2487.0,175.67,5.0,4
26,9,2016,31700,1,1,0,21.43,1364.0,87.2,5.0,4
9,7,2014,76969,1,1,0,22.32,1582.0,126.32,5.0,6
27,8,2015,37000,1,0,0,21.21,1498.0,103.2,5.0,5
20,9,2014,23000,3,0,0,11.07,2496.0,179.5,5.0,6
9,3,2014,59098,3,1,2,17.0,1197.0,80.0,5.0,6
25,7,2010,142299,3,1,0,13.07,1368.0,88.76,5.0,10
6,6,2011,75731,1,1,0,20.0,1399.0,68.0,5.0,9
9,3,2017,69627,3,1,0,18.6,1197.0,81.83,5.0,3
6,9,2011,49000,3,1,0,15.3,1596.0,99.6,5.0,9
17,9,2015,25700,3,0,0,11.9,1595.0,120.7,5.0,5
9,4,2012,80800,3,1,0,18.5,1197.0,82.85,5.0,8
16,5,2013,110896,1,1,0,23.4,1248.0,74.0,5.0,7
9,8,2009,62261,3,1,0,17.92,1086.0,62.1,5.0,11
16,7,2017,27610,3,1,0,21.4,1197.0,83.1,5.0,3
8,7,2011,89219,3,1,0,10.2,2354.0,180.0,5.0,9
20,5,2018,6700,3,0,0,19.34,1198.0,75.94,5.0,2
16,10,2011,51599,3,1,0,19.0,998.0,67.1,5.0,9
9,8,2013,37489,1,1,0,22.7,1582.0,126.24,5.0,7
25,9,2016,98000,1,1,0,17.5,1396.0,70.0,5.0,4
25,5,2012,25183,3,1,0,26.0,624.0,35.0,4.0,8
1,1,2015,52100,1,0,2,18.12,1995.0,190.0,5.0,5
8,10,2014,60000,1,1,0,25.8,1498.0,98.6,5.0,6
27,8,2013,51000,1,1,0,22.07,1199.0,73.9,5.0,7
25,9,2012,70000,1,1,0,22.3,1248.0,74.0,5.0,8
0,6,2015,95000,1,1,0,17.32,1968.0,138.13,5.0,5
8,6,2014,66346,1,1,0,26.0,1498.0,98.6,5.0,6
8,5,2015,69150,1,1,0,25.8,1498.0,98.6,5.0,5
9,1,2016,31000,3,1,0,18.6,1197.0,81.83,5.0,4
1,1,2013,49000,1,0,2,18.12,1995.0,190.0,5.0,7
8,7,2014,63058,3,1,0,19.4,1198.0,86.8,5.0,6
17,4,2016,22000,1,0,0,19.71,2143.0,201.15,5.0,4
27,3,2015,73026,3,1,0,16.47,1198.0,74.0,5.0,5
9,3,2011,21762,3,0,2,19.2,1197.0,80.0,5.0,9
9,3,2018,29738,3,1,0,17.01,1591.0,121.3,5.0,2
9,9,2018,16053,3,1,0,18.6,1197.0,81.83,5.0,2
1,7,2012,61665,1,0,0,16.73,2993.0,218.0,5.0,8
16,4,2015,51000,1,1,0,19.3,1248.0,73.9,5.0,5
8,1,2016,34820,1,1,0,21.9,1498.0,98.6,7.0,4
16,9,2018,12000,3,1,0,17.5,1373.0,91.1,7.0,2
16,5,2017,32287,1,1,0,26.59,1248.0,74.0,5.0,3
26,6,2012,121134,1,1,0,23.59,1364.0,110.38042013311147,5.0,8
1,3,2015,74485,1,0,0,16.09,1995.0,184.0,5.0,5
3,2,2011,63000,1,1,0,25.44,936.0,57.6,5.0,9
0,3,2018,53190,1,0,0,18.51,1968.0,147.51,5.0,2
17,1,2016,26900,1,0,0,12.0,2987.0,224.0,7.0,4
1,5,2015,40000,1,0,0,19.59,1995.0,184.0,5.0,5
9,3,2016,40587,3,1,0,18.9,1197.0,82.0,5.0,4
9,5,2015,27000,3,1,0,18.9,1197.0,82.0,5.0,5
26,3,2016,29108,1,1,0,23.59,1364.0,67.04,5.0,4
4,9,2015,18000,3,1,0,19.83,1198.0,67.0,5.0,5
16,8,2017,10500,3,1,0,20.89,1197.0,81.8,5.0,3
16,2,2009,60000,3,1,3,19.0,998.0,66.1,5.0,11
8,10,2011,61000,3,0,3,13.9,1799.0,130.3,5.0,9
16,8,2017,5000,3,1,0,22.74,796.0,47.3,5.0,3
12,10,2018,24001,1,0,0,13.6,1999.0,177.0,5.0,2
9,5,2011,76000,1,1,0,23.0,1396.0,90.0,5.0,9
6,5,2014,56000,3,1,0,18.88,999.0,123.24,5.0,6
15,9,2016,30000,3,1,0,18.15,1198.0,82.0,5.0,4
16,5,2017,44263,1,1,0,24.3,1248.0,88.5,5.0,3
6,5,2011,97899,1,1,0,20.0,1399.0,68.0,5.0,9
27,6,2011,157301,1,1,2,20.54,1598.0,103.6,5.0,9
6,6,2008,135000,1,1,0,17.8,1399.0,110.38042013311147,5.0,12
5,10,2016,35000,3,1,2,14.4,1368.0,88.8,5.0,4
8,10,2009,106000,3,1,0,13.5,1799.0,130.0,5.0,11
8,8,2016,121590,1,1,0,18.0,2000.0,148.0,5.0,4
16,4,2012,64692,3,1,0,22.5,998.0,67.04,5.0,8
9,9,2010,41000,3,1,0,20.36,1197.0,78.9,5.0,10
27,3,2018,25143,1,0,0,22.0,1498.0,108.495,5.0,2
27,0,2011,51000,1,1,0,20.54,1598.0,103.6,5.0,9
9,10,2005,109000,1,1,2,13.1,1493.0,82.0,5.0,15
6,7,2015,69062,1,1,0,22.7,1498.0,89.84,5.0,5
12,7,2015,34386,1,0,0,16.36,2179.0,187.7,5.0,5
16,4,2016,20185,3,1,0,21.4,1197.0,83.1,5.0,4
9,5,2013,41585,1,1,0,24.0,1120.0,70.0,5.0,7
9,8,2011,24000,3,1,0,21.1,814.0,55.2,5.0,9
17,1,2016,40000,1,0,0,15.0,2143.0,204.0,5.0,4
17,1,2012,37000,1,0,0,0.0,2987.0,165.0,5.0,8
6,2,2015,67630,1,1,0,23.0,1498.0,98.96,5.0,5
16,3,2016,24192,3,0,0,23.1,998.0,67.04,5.0,4
16,5,2017,32248,1,1,0,24.3,1248.0,88.5,5.0,3
15,9,2013,28000,1,1,0,13.0,2179.0,120.0,8.0,7
9,7,2018,36471,3,0,0,14.8,1591.0,121.3,5.0,2
8,7,2015,69689,3,1,0,17.3,1497.0,117.3,7.0,5
17,7,2015,69095,1,0,0,11.3,2987.0,254.8,7.0,5
9,8,2010,46000,3,1,0,18.5,1197.0,80.0,5.0,10
17,9,2008,65000,3,0,3,10.13,3498.0,364.9,5.0,12
27,2,2015,119258,1,1,0,20.64,1498.0,108.5,5.0,5
17,1,2015,38339,1,0,0,13.0,2143.0,201.1,5.0,5
26,9,2012,59503,3,1,0,16.78,1496.0,88.73,5.0,8
25,2,2010,93600,1,1,3,17.0,1405.0,71.0,5.0,10
27,3,2011,58865,3,1,0,14.3,1798.0,160.0,5.0,9
16,3,2012,64631,3,1,0,19.7,796.0,46.3,5.0,8
24,10,2007,124298,1,1,2,17.0,1896.0,105.0,5.0,13
16,6,2003,50000,3,1,2,18.9,998.0,67.1,5.0,17
20,8,2013,40001,1,1,0,21.64,1461.0,84.8,5.0,7
8,1,2015,62659,3,1,0,19.4,1198.0,86.8,5.0,5
9,7,2014,68138,3,1,0,20.36,1197.0,78.9,5.0,6
17,9,2014,34000,1,0,0,15.26,2143.0,203.2,5.0,6
27,9,2013,67000,3,1,0,15.04,1598.0,103.6,5.0,7
8,4,2015,64141,1,1,0,24.2,1498.0,98.6,7.0,5
16,8,2019,1000,3,1,0,24.7,796.0,47.3,5.0,1
17,9,2013,42000,1,0,0,13.0,2143.0,201.1,5.0,7
8,3,2009,76677,3,1,3,16.9,1497.0,100.0,5.0,11
0,7,2013,66848,1,0,0,11.8,2967.0,246.7,5.0,7
9,0,2007,78000,3,1,0,0.0,1086.0,62.0,5.0,13
16,4,2010,111166,1,1,0,19.3,1248.0,73.9,5.0,10
9,2,2007,76000,1,1,0,18.1,1493.0,110.0,5.0,13
0,3,2012,94049,1,0,0,12.8,1968.0,167.6,5.0,8
1,0,2014,47000,1,0,0,17.05,1995.0,184.0,5.0,6
25,2,2006,140000,1,1,2,13.5,1405.0,110.38042013311147,5.0,14
25,4,2015,20047,3,1,0,23.9,624.0,37.48,4.0,5
1,2,2017,16000,1,0,0,16.77,2993.0,261.49,5.0,3
8,2,2012,27000,3,1,0,18.5,1198.0,86.8,5.0,8
16,9,2018,1001,3,1,0,24.7,796.0,47.3,5.0,2
9,8,2010,89312,3,1,0,17.0,1197.0,80.0,5.0,10
7,10,1996,65000,1,1,2,14.1,1995.0,110.38042013311147,5.0,24
23,10,2012,93000,1,1,2,19.01,1461.0,108.45,5.0,8
16,8,2013,48000,1,1,0,23.4,1248.0,74.0,5.0,7
16,3,2014,64917,1,1,0,28.4,1248.0,73.75,5.0,6
8,6,2017,19678,3,1,0,17.8,1497.0,117.3,5.0,3
12,8,2014,12000,1,0,0,14.74,2993.0,270.9,5.0,6
1,4,2014,41309,1,0,0,18.88,1995.0,184.0,5.0,6
1,3,2018,25038,1,0,0,21.76,1995.0,190.0,5.0,2
3,3,2016,68673,1,1,0,25.44,936.0,56.3,5.0,4
17,3,2018,26343,1,0,0,19.27,2143.0,167.62,5.0,2
16,1,2005,81245,3,1,1,16.8,796.0,34.2,8.0,15
20,4,2012,62100,1,1,0,23.08,1461.0,63.1,5.0,8
27,10,2013,104000,3,1,0,15.04,1598.0,103.6,5.0,7
0,3,2014,114831,1,0,0,17.68,1968.0,174.33,5.0,6
5,9,2010,46000,3,1,0,14.6,1368.0,88.7,5.0,10
9,6,2014,80000,1,1,0,22.32,1582.0,126.32,5.0,6
9,8,2016,9201,3,1,0,17.19,1197.0,81.86,5.0,4
8,7,2013,55311,3,1,0,19.4,1198.0,86.8,5.0,7
8,3,2015,58217,1,1,0,24.5,1498.0,98.6,7.0,5
19,4,2013,70655,1,1,0,13.5,2477.0,175.56,7.0,7
9,8,2015,46000,3,1,0,20.36,1197.0,78.9,5.0,5
25,10,2014,125000,1,1,0,21.02,1248.0,88.8,5.0,6
23,9,2014,59000,1,1,0,19.01,1461.0,108.45,5.0,6
9,9,2013,66000,1,0,2,22.0,1582.0,126.2,5.0,7
16,5,2009,82242,1,1,0,21.1,1248.0,73.9,5.0,11
26,5,2012,107281,1,1,0,12.8,2494.0,102.0,8.0,8
25,2,2015,196000,1,1,2,12.2,1948.0,68.0,10.0,5
0,0,2015,75000,1,0,0,15.17,1968.0,181.0,5.0,5
5,8,2011,11791,3,1,0,16.2,1172.0,68.0,5.0,9
9,0,2013,46000,3,1,0,16.3,1797.0,147.5,5.0,7
27,10,2011,81000,1,1,2,22.07,1199.0,73.9,5.0,9
26,3,2015,46950,3,1,0,17.71,1197.0,78.8,5.0,5
9,2,2017,18000,3,1,0,18.9,1197.0,82.0,5.0,3
15,3,2016,95942,1,1,0,15.4,2179.0,120.0,7.0,4
16,7,2016,42925,3,1,0,20.73,1373.0,91.1,5.0,4
6,5,2014,33750,3,1,0,15.6,1196.0,70.02,5.0,6
18,9,2016,14000,3,0,0,13.6,1598.0,181.0,4.0,4
9,1,2015,29000,1,1,0,19.67,1582.0,126.2,5.0,5
15,7,2015,67365,1,1,0,15.1,2179.0,140.0,7.0,5
15,3,2014,67791,1,1,0,15.1,2179.0,140.0,7.0,6
15,5,2016,20000,1,1,0,16.55,2498.0,105.0,6.0,4
16,6,2011,90198,1,1,2,19.3,1248.0,73.9,5.0,9
9,10,2010,77000,3,1,0,19.81,1086.0,68.05,5.0,10
16,7,2017,42520,3,1,0,20.73,1373.0,91.1,5.0,3
16,6,2009,87829,2,1,0,17.3,1061.0,57.5,5.0,11
16,0,2017,21701,3,0,0,21.4,1197.0,83.1,5.0,3
16,3,2008,86033,3,1,0,19.7,796.0,46.3,5.0,12
9,9,2015,25000,3,1,0,19.1,1197.0,81.86,5.0,5
26,8,2011,45000,1,1,0,21.43,1364.0,87.2,5.0,9
27,3,2018,22987,3,1,0,16.47,1198.0,73.9,5.0,2
9,6,2009,48725,3,1,0,19.81,1086.0,68.05,5.0,11
9,5,2013,42500,3,1,0,18.9,1197.0,81.86,5.0,7
9,9,2014,35000,3,0,0,17.1,1591.0,121.4,5.0,6
6,1,2014,56000,1,1,2,17.8,1399.0,68.0,5.0,6
25,5,2014,10000,1,1,0,13.49,2179.0,138.03,5.0,6
16,9,2010,15669,3,1,0,20.92,998.0,67.1,5.0,10
0,7,2016,55331,1,0,0,17.68,1968.0,174.33,5.0,4
23,10,2015,44535,1,1,0,20.46,1461.0,83.8,5.0,5
15,4,2012,74000,1,1,0,16.55,2498.0,105.0,7.0,8
26,4,2014,77901,1,1,0,12.99,2494.0,100.6,7.0,6
16,8,2010,58186,3,1,0,17.5,1298.0,85.8,5.0,10
3,9,2010,30000,3,1,0,14.2,1598.0,102.0,5.0,10
26,1,2012,90000,1,1,0,23.59,1364.0,110.38042013311147,5.0,8
12,3,2018,14730,3,0,0,13.5,1999.0,246.74,5.0,2
16,6,2013,40000,3,1,2,19.7,796.0,46.3,5.0,7
3,2,2007,88107,3,1,2,15.26,1150.0,74.9,5.0,13
27,4,2012,53226,1,1,2,20.64,1498.0,108.5,5.0,8
16,5,2013,76000,1,1,0,25.2,1248.0,74.0,5.0,7
26,5,2008,200000,1,1,2,12.8,2494.0,102.0,8.0,12
17,5,2013,73000,1,0,0,14.21,2143.0,203.0,5.0,7
9,6,2009,77200,3,1,2,13.2,1495.0,94.0,5.0,11
0,4,2012,67000,1,0,2,15.2,1968.0,140.8,5.0,8
3,5,2005,150000,1,1,2,14.8,2499.0,80.0,10.0,15
15,6,2009,145278,1,1,2,11.68,2498.0,112.0,8.0,11
9,2,2015,62083,1,1,0,21.19,1396.0,88.76,5.0,5
8,10,2010,61696,3,1,0,13.5,1799.0,130.0,5.0,10
6,0,2017,28000,1,1,0,23.0,1498.0,98.96,5.0,3
17,3,2013,50142,1,0,0,14.84,2143.0,170.0,5.0,7
24,9,2014,45000,3,0,0,13.7,1798.0,157.75,5.0,6
24,10,2014,97513,1,1,0,21.14,1498.0,103.52,5.0,6
17,9,2011,55000,3,0,2,12.3,1796.0,185.0,5.0,9
16,5,2004,82000,3,1,2,16.1,796.0,37.0,4.0,16
16,4,2013,71501,1,1,0,22.9,1248.0,74.0,5.0,7
8,5,2017,23000,1,1,0,21.9,1498.0,98.6,7.0,3
0,7,2015,66095,1,0,0,17.68,1968.0,174.33,5.0,5
26,9,2014,49500,1,1,0,11.5,2982.0,171.0,7.0,6
26,2,2009,90000,3,1,0,13.4,2362.0,164.7,5.0,11
16,9,2017,25384,3,1,0,20.89,1197.0,81.8,5.0,3
9,4,2016,27529,3,1,2,17.01,1591.0,121.3,5.0,4
8,7,2012,69297,3,1,0,16.8,1497.0,116.3,5.0,8
8,5,2009,66000,3,1,0,17.0,1497.0,118.0,5.0,11
15,5,2012,20000,1,1,0,21.03,1461.0,65.0,5.0,8
17,2,2015,67000,1,0,0,11.3,2987.0,254.8,7.0,5
9,3,2015,36933,3,1,0,21.1,814.0,55.2,5.0,5
26,9,2007,194000,1,1,0,12.99,2494.0,100.6,8.0,13
16,8,2013,42200,1,1,0,20.77,1248.0,88.76,7.0,7
0,3,2015,53093,1,0,2,12.07,2967.0,241.4,7.0,5
8,10,2012,88000,3,1,3,17.0,1497.0,118.0,5.0,8
16,7,2017,42954,3,1,0,24.07,998.0,67.1,5.0,3
25,2,2015,106000,1,1,0,25.0,1396.0,69.0,5.0,5
1,7,2015,41700,1,0,0,18.12,1995.0,190.0,5.0,5
17,3,2018,34464,1,0,0,19.27,2143.0,170.0,5.0,2
3,0,2010,15000,3,1,0,17.8,1199.0,76.8,5.0,10
16,10,2010,70000,3,1,2,19.0,998.0,67.1,5.0,10
15,5,2017,119256,1,1,0,16.0,2179.0,140.0,7.0,3
8,3,2011,50036,3,1,0,17.0,1497.0,118.0,5.0,9
26,0,2013,58000,1,1,0,12.99,2494.0,100.6,7.0,7
9,10,2011,75000,3,1,0,18.5,1197.0,80.0,5.0,9
16,5,2013,53313,3,1,0,20.92,998.0,67.1,5.0,7
26,8,2015,73000,1,1,0,12.99,2494.0,100.6,8.0,5
20,7,2013,83989,1,1,0,23.08,1461.0,63.1,5.0,7
9,2,2015,86247,1,1,0,19.67,1582.0,126.2,5.0,5
26,9,2016,24000,1,1,0,12.99,2494.0,100.6,8.0,4
17,5,2010,58000,1,0,0,14.21,2143.0,203.0,5.0,10
9,8,2015,33000,3,1,0,18.6,1197.0,81.83,5.0,5
8,5,2005,100000,3,0,0,11.1,2354.0,142.0,5.0,15
26,5,2017,65896,1,1,0,13.68,2393.0,147.8,7.0,3
9,2,2016,120000,1,1,0,22.54,1396.0,88.73,5.0,4
15,9,2013,26000,1,1,0,20.8,1461.0,64.1,5.0,7
16,2,2012,62300,3,1,2,15.1,1196.0,73.0,5.0,8
26,7,2012,77801,3,1,0,14.28,1798.0,138.03,5.0,8
26,9,2015,42000,3,0,0,14.28,1798.0,138.03,5.0,5
17,1,2013,35000,3,0,2,15.5,1595.0,120.7,5.0,7
9,8,2016,30134,1,1,0,22.54,1396.0,88.73,5.0,4
8,4,2012,79038,3,1,0,12.8,2354.0,177.6,5.0,8
8,9,2009,80000,3,0,2,11.7,2354.0,177.6,5.0,11
15,5,2012,75000,1,1,0,15.96,2523.0,62.1,7.0,8
16,1,2010,80000,1,1,0,21.1,1248.0,73.9,5.0,10
24,4,2014,84419,3,0,0,13.7,1798.0,157.75,5.0,6
8,8,2013,70200,3,1,0,18.0,1198.0,86.7,5.0,7
27,2,2013,98000,3,1,2,15.04,1598.0,103.6,5.0,7
16,2,2016,131503,1,1,0,23.2,1248.0,73.94,5.0,4
8,6,2011,54652,3,1,0,17.0,1497.0,118.0,5.0,9
27,9,2010,92000,3,1,2,14.0,1595.0,102.0,5.0,10
6,8,2010,44287,3,1,0,15.6,1196.0,70.0,5.0,10
26,10,2015,205000,1,1,0,12.99,2494.0,100.6,7.0,5
9,5,2015,48000,3,1,0,18.6,1197.0,81.86,5.0,5
15,9,2016,18000,1,1,0,25.32,1198.0,77.0,6.0,4
2,1,2008,31200,3,0,2,10.2,5998.0,616.0,5.0,12
8,10,2009,72000,3,1,0,17.0,1497.0,118.0,5.0,11
9,9,2009,85000,3,1,0,18.5,1197.0,80.0,5.0,11
8,8,2010,27000,3,1,0,17.0,1497.0,118.0,5.0,10
26,9,2012,126000,1,1,0,14.24,2755.0,174.5,7.0,8
25,10,2017,50000,1,1,0,17.88,1405.0,48.21,5.0,3
8,9,2013,58811,3,1,2,18.0,1198.0,86.7,5.0,7
27,10,2013,52196,1,1,0,22.07,1199.0,73.9,5.0,7
20,3,2017,45105,3,1,0,19.69,1198.0,67.04,5.0,3
9,5,2015,25160,3,1,2,18.9,1197.0,82.0,5.0,5
25,5,2017,18000,3,1,0,20.3,1199.0,84.0,5.0,3
8,1,2007,74000,3,1,0,11.9,2354.0,144.0,5.0,13
15,2,2009,67700,1,1,0,14.0,2498.0,112.0,7.0,11
14,7,2015,61062,1,0,0,12.39,2179.0,147.51,5.0,5
26,8,2016,105000,1,1,0,12.99,2494.0,100.6,7.0,4
25,10,2013,155550,1,1,0,25.0,1396.0,69.01,5.0,7
16,4,2016,66000,1,1,0,24.3,1248.0,88.5,5.0,4
8,7,2012,93884,3,1,2,17.0,1497.0,118.0,5.0,8
5,9,2009,200000,1,1,0,20.4,1248.0,91.7,5.0,11
25,8,2016,57200,3,1,0,23.84,1199.0,84.0,5.0,4
27,5,2013,93568,1,1,0,22.07,1199.0,73.9,5.0,7
16,8,2014,54000,3,1,0,20.51,998.0,67.04,5.0,6
9,1,2016,40571,1,0,0,17.01,1582.0,126.2,5.0,4
0,5,2015,59000,1,0,0,18.25,1968.0,187.74,5.0,5
1,3,2017,17273,1,0,0,20.68,1995.0,190.0,5.0,3
6,9,2011,100077,1,0,2,11.4,2953.0,153.86,7.0,9
9,7,2011,39934,3,0,0,19.2,1197.0,80.0,5.0,9
16,1,2016,46000,1,1,0,24.3,1248.0,88.5,5.0,4
8,3,2016,30842,3,1,0,17.0,1497.0,118.0,5.0,4
17,9,2005,65000,3,0,2,11.7,1796.0,178.0,5.0,15
28,1,2016,70000,1,1,0,11.1,2400.0,200.0,7.0,4
26,2,2011,150152,1,1,2,11.5,2982.0,171.0,7.0,9
20,3,2009,67038,3,0,0,9.1,2349.0,110.38042013311147,5.0,11
9,1,2011,43985,0,1,0,11.88,1086.0,62.1,5.0,9
1,3,2014,58598,1,0,0,11.2,2993.0,241.0,4.0,6
25,10,2016,100000,1,1,0,25.0,1396.0,69.01,5.0,4
0,6,2016,35000,1,0,0,14.16,1968.0,174.3,5.0,4
9,10,2008,84500,3,1,0,20.36,1197.0,78.9,5.0,12
16,8,2018,18006,3,1,0,21.4,1197.0,83.1,5.0,2
16,5,2013,99000,1,1,0,28.4,1248.0,74.0,5.0,7
16,4,2014,51200,3,1,0,15.1,1196.0,73.0,5.0,6
26,10,2014,130000,1,0,0,11.0,2982.0,170.3,7.0,6
9,0,2017,25000,1,0,0,16.38,1995.0,182.46,5.0,3
16,7,2017,32352,3,1,0,21.4,1197.0,83.1,5.0,3
9,1,2011,20000,3,1,0,20.36,1197.0,78.9,5.0,9
0,1,2013,46000,1,0,2,16.55,1968.0,147.51,5.0,7
16,9,2018,12500,3,0,0,22.0,1197.0,81.8,5.0,2
26,4,2011,53138,1,1,3,12.8,2494.0,102.0,8.0,9
16,10,2013,170000,1,1,2,23.4,1248.0,74.0,5.0,7
16,8,2012,38583,1,1,0,22.9,1248.0,74.0,5.0,8
16,5,2016,26000,3,0,0,22.5,998.0,67.0,5.0,4
9,3,2017,22865,3,1,0,15.29,1591.0,121.3,5.0,3
24,8,2013,45000,1,1,0,17.5,1896.0,106.0,5.0,7
16,7,2017,62889,3,1,0,20.4,1197.0,81.8,5.0,3
16,10,2013,153000,3,1,0,16.8,796.0,34.2,5.0,7
16,0,2016,67000,1,1,0,28.4,1248.0,74.0,5.0,4
8,9,2014,39000,3,0,0,15.5,1198.0,86.7,5.0,6
26,2,2006,164000,3,1,2,13.4,1794.0,125.0,5.0,14
16,3,2018,57178,1,1,0,19.3,1248.0,73.9,5.0,2
0,4,2013,40000,1,0,0,17.68,1968.0,174.33,5.0,7
3,9,2007,40000,3,1,0,18.0,995.0,62.0,5.0,13
9,9,2007,89564,1,1,3,18.1,1493.0,110.0,5.0,13
16,4,2012,66727,3,1,0,16.02,1373.0,93.7,7.0,8
0,9,2013,75000,1,0,2,15.73,1968.0,174.33,5.0,7
3,3,2017,31056,1,0,0,14.81,1998.0,163.7,5.0,3
27,10,2011,61000,3,1,0,15.04,1598.0,103.6,5.0,9
9,7,2016,34782,3,0,0,16.9,1197.0,82.0,5.0,4
9,3,2012,31736,3,1,0,20.36,1197.0,78.9,5.0,8
20,10,2014,75000,1,1,0,19.64,1461.0,108.5,5.0,6
15,9,2014,15000,1,1,0,16.55,2498.0,105.0,6.0,6
6,3,2016,38503,1,1,0,22.7,1498.0,89.84,5.0,4
8,3,2017,45353,1,1,0,21.9,1498.0,98.6,7.0,3
14,5,2015,30000,1,0,0,12.7,2179.0,187.7,5.0,5
26,10,2011,69470,3,1,2,17.6,1496.0,88.73,5.0,9
20,2,2008,63288,3,0,0,9.1,2349.0,110.38042013311147,5.0,12
27,3,2017,25087,3,1,0,16.47,1198.0,74.0,5.0,3
26,5,2015,134000,1,1,0,12.8,2494.0,102.0,7.0,5
3,3,2015,54955,1,0,3,14.81,1998.0,163.7,5.0,5
9,9,2017,28000,1,1,0,22.0,1582.0,126.2,5.0,3
8,0,2015,45250,1,1,0,25.8,1498.0,98.6,5.0,5
14,7,2012,89190,1,0,2,11.4,2993.0,245.41,7.0,8
8,3,2017,48184,1,1,0,26.0,1498.0,98.6,5.0,3
16,8,2015,42125,1,1,0,26.59,1248.0,74.0,5.0,5
20,3,2017,47052,3,0,0,19.15,1198.0,75.94,5.0,3
9,9,2011,67000,3,1,2,20.36,1197.0,78.9,5.0,9
9,1,2011,43189,3,1,0,0.0,999.0,110.38042013311147,5.0,9
16,10,2015,174889,1,1,0,26.59,1248.0,74.0,5.0,5
16,10,2004,72135,3,1,0,19.7,796.0,46.3,5.0,16
16,4,2017,17660,1,1,0,24.3,1248.0,88.5,5.0,3
8,10,2009,120000,3,0,0,11.7,2354.0,177.6,5.0,11
3,10,2010,29629,3,1,0,18.6,1199.0,76.8,5.0,10
16,3,2016,69564,1,1,0,17.8,1248.0,110.38042013311147,5.0,4
17,7,2017,34848,1,0,0,17.9,2143.0,170.0,5.0,3
15,8,2013,61000,1,1,0,14.0,2498.0,112.0,8.0,7
4,9,2015,21000,3,1,0,19.83,1198.0,67.0,7.0,5
12,7,2015,27912,1,0,0,16.36,2179.0,187.7,5.0,5
16,7,2013,62909,1,1,0,21.5,1248.0,88.8,5.0,7
16,7,2018,33140,3,1,0,23.1,998.0,67.04,5.0,2
27,5,2014,75000,1,0,0,21.21,1498.0,103.2,5.0,6
6,7,2017,25571,1,1,0,22.77,1498.0,98.59,5.0,3
9,2,2002,120000,3,1,1,0.0,999.0,110.38042013311147,5.0,18
16,8,2016,12020,1,1,0,20.77,1248.0,88.76,7.0,4
8,9,2014,36665,3,0,0,16.5,1198.0,86.8,5.0,6
19,3,2018,41502,1,0,0,13.5,2477.0,175.56,7.0,2
17,10,2011,130000,1,0,0,14.21,2143.0,203.0,5.0,9
16,1,2017,51000,1,1,0,25.2,1248.0,74.0,5.0,3
9,10,2008,103000,3,1,2,13.2,1495.0,94.0,5.0,12
0,4,2012,70000,1,0,0,16.55,1968.0,147.51,5.0,8
8,4,2010,56239,3,1,2,17.0,1497.0,118.0,5.0,10
1,0,2016,40000,1,0,0,22.69,1995.0,190.0,5.0,4
23,7,2018,19964,3,0,0,22.5,999.0,67.0,5.0,2
15,3,2012,72246,1,1,0,13.6,2523.0,63.0,7.0,8
9,8,2018,15000,1,1,0,20.5,1582.0,126.2,5.0,2
25,1,2016,14000,3,1,1,23.9,624.0,37.48,4.0,4
27,10,2016,22764,3,1,0,16.2,1199.0,74.0,5.0,4
27,10,2012,65000,1,0,0,18.33,1968.0,167.7,5.0,8
11,8,2016,45000,1,1,0,12.08,2999.0,161.0,7.0,4
17,3,2017,32090,1,0,0,13.0,2143.0,204.0,5.0,3
15,10,2014,83000,1,1,0,15.1,2179.0,140.0,7.0,6
17,4,2011,70000,1,0,0,13.0,2143.0,204.0,5.0,9
15,2,2013,68000,1,1,0,16.0,2179.0,140.0,7.0,7
20,6,2012,105000,3,1,0,16.95,1498.0,97.7,5.0,8
9,5,2006,88000,3,1,0,13.0,1795.0,127.0,5.0,14
8,9,2007,93000,3,0,2,11.1,2354.0,142.0,5.0,13
8,4,2014,107000,1,1,0,26.0,1498.0,98.6,5.0,6
26,10,2011,141844,1,1,0,12.55,2982.0,168.5,7.0,9
20,3,2015,32469,3,0,0,19.34,1198.0,76.0,5.0,5
15,7,2015,56318,1,1,0,15.1,2179.0,140.0,7.0,5
18,3,2017,26002,1,0,0,20.7,1496.0,113.98,4.0,3
16,10,2014,83000,1,1,0,25.2,1248.0,74.0,5.0,6
3,10,2010,80000,3,1,2,18.6,1199.0,79.4,5.0,10
16,2,2016,56474,3,1,2,21.4,1197.0,83.1,5.0,4
17,9,2012,26000,3,0,2,14.8,1595.0,120.69,5.0,8
0,9,2009,49000,3,0,2,9.74,1984.0,208.0,5.0,11
24,7,2010,64132,1,0,2,17.0,1896.0,105.0,5.0,10
9,5,2016,41810,1,1,0,19.67,1582.0,126.2,5.0,4
1,9,2013,60000,1,0,0,16.46,2993.0,258.0,5.0,7
17,3,2016,22177,1,0,0,0.0,2987.0,165.0,5.0,4
6,2,2014,100000,1,1,0,20.0,1399.0,68.05,5.0,6
24,10,2012,75000,1,0,0,20.0,1968.0,138.1,5.0,8
9,9,2011,68000,1,1,0,21.9,1396.0,90.0,5.0,9
26,7,2016,43518,1,1,0,12.99,2494.0,100.0,7.0,4
16,10,2012,39100,3,0,0,16.98,998.0,66.1,5.0,8
9,4,2011,58000,3,1,0,17.01,1591.0,121.3,5.0,9
8,9,2010,52000,3,1,0,17.0,1497.0,118.0,5.0,10
1,6,2014,80000,1,0,0,13.2,1995.0,170.0,5.0,6
16,6,2006,96000,3,1,2,18.2,998.0,67.1,5.0,14
24,4,2010,63000,3,0,0,13.7,1798.0,157.75,5.0,10
0,5,2014,50000,1,0,0,15.73,1968.0,174.33,5.0,6
9,5,2014,15322,3,1,0,21.1,814.0,55.2,5.0,6
8,6,2012,47000,3,1,0,19.4,1198.0,86.8,5.0,8
27,2,2011,76041,1,1,0,20.54,1598.0,103.6,5.0,9
9,8,2009,46000,3,1,0,13.2,1495.0,94.0,5.0,11
15,6,2013,160000,1,1,2,15.96,2523.0,62.1,7.0,7
16,1,2015,17000,1,1,2,27.62,793.0,47.0,5.0,5
9,5,2014,56000,1,1,0,24.0,1120.0,70.0,5.0,6
9,9,2005,35000,3,1,0,15.3,1341.0,61.0,5.0,15
26,3,2015,54278,1,1,0,12.99,2494.0,100.6,7.0,5
9,8,2015,39000,1,1,0,25.4,1186.0,73.97,5.0,5
0,1,2013,40000,1,0,0,17.68,1968.0,174.33,5.0,7
6,8,2013,41000,3,0,0,15.63,1499.0,110.4,5.0,7
1,8,2011,30342,3,0,0,15.56,1998.0,252.0,5.0,9
8,9,2008,88000,3,1,2,17.7,1497.0,78.0,5.0,12
16,2,2018,9000,3,1,0,21.5,1197.0,81.8,5.0,2
16,4,2010,70000,1,1,0,19.3,1248.0,73.9,5.0,10
27,8,2011,46279,3,1,0,16.47,1198.0,73.9,5.0,9
16,10,2016,105000,1,1,2,23.2,1248.0,73.94,5.0,4
3,2,2011,130000,1,1,0,16.52,1991.0,123.7,5.0,9
23,6,2017,30000,3,1,0,25.17,799.0,53.3,5.0,3
27,8,2013,54000,1,1,0,19.33,1968.0,138.03,5.0,7
6,6,2010,65000,1,1,0,20.0,1399.0,68.0,5.0,10
16,5,2010,70000,3,1,0,17.5,1298.0,85.8,5.0,10
17,10,2015,46000,1,0,0,13.0,2143.0,204.0,5.0,5
3,10,2007,113000,3,1,0,18.0,995.0,62.0,5.0,13
9,6,2016,67310,3,1,0,18.9,1197.0,82.0,5.0,4
8,10,2019,1015,3,0,0,19.0,1199.0,88.7,5.0,1
8,6,2011,83035,3,1,2,17.0,1497.0,118.0,5.0,9
26,8,2015,36983,1,1,0,12.99,2494.0,100.0,7.0,5
3,10,2010,76000,1,1,3,18.3,1991.0,147.9,5.0,10
24,3,2019,14148,3,0,0,14.3,1598.0,103.52,5.0,1
16,8,2011,71428,1,1,0,21.1,1248.0,73.9,5.0,9
16,9,2015,10500,3,1,2,18.5,1197.0,85.8,5.0,5
8,7,2010,58997,3,0,0,16.8,1497.0,118.0,5.0,10
16,4,2015,39842,3,1,0,23.1,998.0,67.04,5.0,5
16,7,2015,47490,0,1,0,32.26,998.0,58.2,4.0,5
25,6,2009,45000,3,1,0,15.8,1172.0,65.0,5.0,11
8,5,2011,80000,3,1,0,17.4,1497.0,117.3,5.0,9
26,1,2012,56600,1,1,0,23.59,1593.5849673202615,110.38042013311147,5.28454619787408,8
24,3,2015,55409,1,1,0,20.5,1598.0,103.5,5.0,5
16,9,2009,77000,3,0,0,12.6,1586.0,103.3,5.0,11
9,1,2012,58000,3,0,2,15.0,1593.5849673202615,110.38042013311147,5.28454619787408,8
16,3,2016,59491,3,1,0,22.74,796.0,47.3,5.0,4
15,5,2007,51000,1,1,0,10.5,2179.0,120.0,7.0,13
16,3,2017,18725,3,1,0,21.4,1197.0,83.1,5.0,3
1,1,2009,92000,3,0,0,11.5,2497.0,218.0,5.0,11
16,3,2013,61450,1,1,0,21.1,1248.0,73.9,5.0,7
9,3,2016,18592,3,1,0,20.3,998.0,68.05,5.0,4
3,1,2013,65137,1,1,2,18.2,1248.0,73.74,7.0,7
27,10,2011,83000,1,1,2,22.07,1199.0,73.9,5.0,9
9,4,2013,37000,1,0,0,22.32,1582.0,126.3,5.0,7
8,3,2017,14052,3,0,0,16.0,1497.0,117.3,7.0,3
9,3,2011,45086,3,1,0,20.36,1197.0,78.9,5.0,9
16,1,2016,25400,3,1,2,20.51,998.0,67.04,5.0,4
26,5,2008,194500,1,1,0,12.8,2494.0,102.0,8.0,12
26,10,2014,89000,1,1,0,12.8,2494.0,102.0,8.0,6
9,8,2012,50000,1,1,0,23.5,1396.0,88.7,5.0,8
9,10,2012,76551,3,0,0,15.0,1396.0,98.6,5.0,8
27,9,2017,9700,3,1,0,16.2,1199.0,74.0,5.0,3
9,9,2013,58000,3,1,0,17.01,1591.0,121.3,5.0,7
9,8,2013,46000,3,1,2,18.5,1197.0,82.9,5.0,7
9,1,2014,72017,1,1,0,22.7,1582.0,126.24,5.0,6
6,8,2015,54407,1,1,0,22.77,1498.0,98.59,5.0,5
26,5,2012,147000,1,1,0,12.99,2494.0,100.0,8.0,8
0,6,2015,61000,1,0,0,15.73,1968.0,174.33,5.0,5
24,9,2016,18856,3,0,0,14.3,1598.0,103.52,5.0,4
1,5,2011,76000,1,0,0,11.2,2993.0,241.0,4.0,9
15,4,2017,17700,1,1,0,25.32,1198.0,77.0,5.0,3
20,7,2014,82267,1,1,0,23.08,1461.0,63.1,5.0,6
8,7,2018,27041,3,0,0,18.0,1497.0,117.3,5.0,2
16,1,2014,63000,3,1,2,24.07,998.0,67.1,5.0,6
16,5,2008,61000,3,1,0,18.9,1061.0,67.0,5.0,12
15,7,2018,28466,1,1,0,18.49,1493.0,100.0,7.0,2
9,8,2002,80000,3,1,0,0.0,1086.0,110.38042013311147,5.0,18
9,4,2013,35373,3,1,0,21.1,814.0,55.2,5.0,7
25,6,2014,51000,1,1,0,11.57,2179.0,138.1,7.0,6
0,9,2013,49000,1,0,0,17.68,1968.0,174.33,5.0,7
20,8,2015,41000,1,1,0,22.71,1461.0,84.8,5.0,5
26,1,2011,82831,1,1,2,12.8,2494.0,102.0,7.0,9
8,9,2010,52000,3,1,0,17.0,1497.0,118.0,5.0,10
16,5,2015,39736,1,1,0,25.2,1248.0,74.0,5.0,5
23,9,2014,26500,1,1,0,19.01,1461.0,108.45,5.0,6
16,9,2010,40000,3,1,0,22.0,1197.0,81.8,5.0,10
13,3,2019,5752,1,1,0,16.3,1956.0,170.0,5.0,1
20,2,2015,54000,1,1,2,19.64,1461.0,108.5,5.0,5
16,8,2014,54841,3,1,0,22.5,998.0,67.04,5.0,6
6,5,2014,34000,1,1,0,22.7,1498.0,89.84,5.0,6
8,0,2012,16000,3,1,0,19.4,1198.0,86.8,5.0,8
6,10,2009,134000,1,1,0,17.8,1399.0,110.38042013311147,5.0,11
24,9,2017,24000,1,0,0,18.19,1968.0,174.5,5.0,3
15,1,2013,60000,1,1,0,14.0,2498.0,112.0,8.0,7
9,7,2015,58469,3,1,0,20.3,998.0,68.05,5.0,5
27,10,2011,110000,1,1,2,22.07,1199.0,73.9,5.0,9
9,7,2018,21127,3,0,0,14.62,1999.0,149.92,5.0,2
26,10,2013,56000,3,1,0,12.4,1998.0,132.0,8.0,7
15,9,2014,101000,1,1,0,14.02,2179.0,118.3,8.0,6
9,5,2018,13664,3,1,0,18.6,1197.0,81.83,5.0,2
23,9,2014,65371,1,1,0,19.01,1461.0,108.45,5.0,6
9,4,2014,70428,3,1,0,17.0,1591.0,121.3,5.0,6
9,1,2012,69010,1,1,0,22.32,1582.0,126.3,5.0,8
16,8,2017,68000,3,1,0,24.7,796.0,47.3,5.0,3
20,8,2012,45000,1,1,0,21.64,1461.0,84.8,5.0,8
16,0,2017,55945,1,1,0,19.3,1248.0,73.9,5.0,3
3,5,2013,70000,1,1,0,22.1,1248.0,76.9,5.0,7
16,9,2014,12000,3,1,0,18.9,998.0,67.1,5.0,6
26,3,2019,10660,3,0,0,14.28,1798.0,138.03,5.0,1
26,4,2012,52052,3,1,0,16.78,1496.0,88.73,5.0,8
17,2,2012,62940,1,0,2,14.84,2143.0,170.0,5.0,8
9,8,2012,102000,3,1,0,17.92,1086.0,62.1,5.0,8
27,2,2012,60000,1,1,0,20.54,1598.0,103.6,5.0,8
20,10,2013,66000,3,0,0,17.97,1498.0,99.6,5.0,7
8,5,2012,41000,3,1,0,18.5,1198.0,86.8,5.0,8
8,2,2005,135000,3,0,3,10.1,2354.0,152.0,5.0,15
8,10,2012,72000,3,0,0,16.8,1497.0,116.4,5.0,8
17,4,2014,55000,1,0,0,11.78,2143.0,167.62,5.0,6
6,3,2016,37354,3,1,0,18.88,999.0,123.37,5.0,4
17,4,2016,21000,1,0,0,17.9,2143.0,201.15,5.0,4
1,1,2015,66508,1,0,0,18.12,1995.0,190.0,5.0,5
17,5,2013,88000,1,0,0,11.3,2987.0,254.8,7.0,7
26,1,2012,52000,1,1,0,12.55,2982.0,169.0,7.0,8
17,3,2017,41372,1,0,0,17.9,2143.0,136.0,5.0,3
24,6,2017,50000,1,0,2,21.72,1498.0,108.4,5.0,3
16,8,2012,72000,1,1,0,17.8,1248.0,110.38042013311147,5.0,8
8,8,2013,51637,1,1,0,25.8,1498.0,98.6,5.0,7
26,9,2009,48233,3,1,0,14.53,1798.0,138.1,5.0,11
9,2,2016,58000,3,1,2,18.9,1197.0,82.0,5.0,4
8,2,2015,44550,3,0,0,19.0,1199.0,88.7,5.0,5
9,0,2013,60001,1,1,0,22.32,1582.0,126.32,5.0,7
26,4,2014,150000,1,0,0,12.55,2982.0,168.5,7.0,6
17,4,2015,33000,1,0,0,11.5,2987.0,210.0,5.0,5
15,8,2016,27000,1,1,0,0.0,1593.5849673202615,110.38042013311147,5.28454619787408,4
27,6,2015,62766,1,1,0,20.14,1498.0,88.8,5.0,5
16,4,2010,73575,3,1,0,18.9,998.0,67.1,5.0,10
8,10,2015,63000,1,1,0,25.8,1498.0,98.6,5.0,5
26,6,2017,27270,1,0,0,11.36,2755.0,171.5,7.0,3
17,1,2016,41737,1,0,0,19.27,2143.0,170.0,5.0,4
17,3,2018,28358,1,0,0,19.27,2143.0,167.62,5.0,2
16,10,2012,75500,1,1,2,21.1,1248.0,73.9,5.0,8
8,9,2016,9900,3,1,0,18.7,1199.0,88.7,5.0,4
8,9,2014,17000,3,1,0,19.4,1198.0,86.8,5.0,6
1,1,2009,150000,1,0,2,18.48,1593.5849673202615,110.38042013311147,5.28454619787408,11
9,1,2015,68178,1,1,0,21.38,1396.0,88.7,5.0,5
9,5,2009,52008,3,1,0,15.3,1341.0,83.0,5.0,11
3,8,2013,76000,1,1,0,25.44,936.0,56.3,5.0,7
0,7,2015,48222,1,0,0,17.68,1968.0,174.33,5.0,5
9,4,2016,100000,3,1,0,19.1,1197.0,82.0,5.0,4
16,4,2010,68000,1,1,0,19.3,1248.0,73.9,5.0,10
19,3,2015,76115,1,0,0,13.5,2477.0,175.56,7.0,5
16,8,2015,36009,3,1,0,16.1,1593.5849673202615,110.38042013311147,5.28454619787408,5
26,5,2013,142000,1,0,0,12.55,2982.0,168.5,7.0,7
28,5,2011,70000,1,0,0,13.2,2400.0,215.0,5.0,9
9,3,2016,34224,1,1,0,19.67,1582.0,126.2,5.0,4
17,0,2012,50000,1,0,2,14.21,2143.0,203.0,5.0,8
8,9,2015,30000,1,1,0,24.2,1498.0,98.6,7.0,5
23,1,2018,22000,1,1,0,20.37,1461.0,108.45,5.0,2
9,8,2017,4000,3,1,0,21.1,814.0,55.2,5.0,3
28,4,2014,22230,1,1,0,11.1,2400.0,200.0,7.0,6
16,1,2011,46000,3,0,0,16.98,998.0,66.1,5.0,9
17,10,2013,88700,1,0,0,14.21,2143.0,203.0,5.0,7
9,5,2015,56000,3,1,0,18.9,1197.0,82.0,5.0,5
0,0,2014,84004,1,0,0,20.38,1968.0,143.0,5.0,6
1,1,2015,16000,1,0,0,14.69,2993.0,258.0,5.0,5
15,6,2015,85009,1,1,2,16.0,2179.0,140.0,7.0,5
6,9,2014,86000,3,1,0,18.88,999.0,123.37,5.0,6
3,3,2015,93442,1,1,0,18.2,1248.0,73.8,7.0,5
15,2,2015,65000,1,1,0,15.4,2179.0,120.0,8.0,5
9,10,2013,67000,3,1,0,18.5,1197.0,80.0,5.0,7
23,3,2014,31513,1,1,0,23.08,1461.0,63.12,5.0,6
16,3,2017,75724,1,1,0,26.59,1248.0,74.0,5.0,3
9,8,2013,69000,3,1,0,21.1,814.0,55.2,5.0,7
20,9,2010,65000,3,1,0,18.06,1198.0,75.0,5.0,10
24,9,2017,27000,1,0,0,18.19,1968.0,174.5,5.0,3
16,2,2014,56049,3,1,0,18.6,1197.0,85.8,5.0,6
24,10,2012,96987,1,1,0,20.5,1598.0,103.5,5.0,8
5,6,2010,65000,3,1,3,14.6,1593.5849673202615,110.38042013311147,5.28454619787408,10
9,1,2010,69000,3,1,0,20.36,1197.0,78.9,5.0,10
8,1,2015,33500,1,1,0,27.3,1498.0,98.6,5.0,5
26,2,2012,93000,1,1,0,12.99,2494.0,100.0,8.0,8
28,0,2013,64000,1,0,0,14.7,1984.0,181.0,5.0,7
16,7,2017,48045,1,1,0,28.09,1248.0,88.5,5.0,3
19,5,2009,94000,1,1,0,10.5,2835.0,107.2,6.0,11
16,2,2011,60000,3,1,0,19.7,796.0,46.3,5.0,9
16,10,2010,115000,3,1,2,16.1,1593.5849673202615,110.38042013311147,5.28454619787408,10
1,1,2011,56000,1,0,0,13.2,1995.0,170.0,5.0,9
9,10,2012,98472,1,1,0,23.0,1396.0,90.0,5.0,8
9,5,2016,37800,1,1,0,19.67,1582.0,126.2,5.0,4
16,3,2016,63617,3,1,0,14.0,796.0,35.0,5.0,4
9,0,2011,68000,1,1,0,18.1,1493.0,110.0,5.0,9
16,7,2017,11282,3,1,0,21.4,1197.0,83.1,5.0,3
8,2,2013,75000,1,1,0,25.8,1498.0,98.6,5.0,7
1,3,2014,78984,1,0,0,16.09,1995.0,184.0,5.0,6
24,9,2016,71000,3,0,0,14.67,1798.0,177.46,5.0,4
8,7,2014,43814,3,1,0,18.5,1198.0,86.8,5.0,6
9,8,2011,60000,3,1,0,20.36,1197.0,78.9,5.0,9
9,6,2007,85000,3,1,2,0.0,1086.0,110.38042013311147,5.0,13
0,7,2015,65438,1,0,0,17.68,1968.0,174.33,5.0,5
23,9,2014,28215,1,1,0,19.87,1461.0,83.8,5.0,6
8,7,2019,15053,1,1,0,25.5,1498.0,98.6,5.0,1
8,1,2015,38000,1,1,0,24.5,1498.0,98.6,7.0,5
27,7,2012,64213,3,1,0,16.47,1198.0,73.9,5.0,8
17,4,2017,15000,3,0,0,12.6,1950.0,191.34,5.0,3
17,5,2011,82000,1,0,0,13.5,2987.0,282.0,5.0,9
9,10,2009,60000,3,1,2,13.2,1495.0,94.0,5.0,11
16,2,2012,158000,3,1,0,17.5,1298.0,85.8,5.0,8
9,2,2007,73000,3,1,0,20.36,1197.0,78.9,5.0,13
8,3,2013,71601,3,1,0,18.5,1198.0,86.8,5.0,7
16,5,2015,82328,1,1,0,21.1,1248.0,73.9,5.0,5
8,8,2011,38000,3,1,0,18.5,1198.0,86.8,5.0,9
16,10,2014,85000,3,1,0,20.4,1197.0,81.8,5.0,6
23,6,2012,116000,1,1,0,19.01,1461.0,108.45,5.0,8
9,9,2008,65000,3,1,2,17.92,1086.0,62.1,5.0,12
15,2,2018,5600,3,1,0,18.15,1198.0,82.0,5.0,2
6,4,2012,68000,1,0,0,11.4,2953.0,153.86,7.0,8
25,8,2010,29300,3,1,0,15.8,1172.0,65.0,5.0,10
14,7,2018,23342,1,0,0,12.83,2179.0,147.5,5.0,2
1,3,2017,41078,1,0,0,22.69,1995.0,190.0,5.0,3
27,2,2014,38000,1,1,0,20.64,1498.0,108.49,5.0,6
25,5,2013,132000,1,1,2,19.4,1405.0,70.0,5.0,7
16,10,2015,35000,3,1,0,22.74,796.0,47.3,5.0,5
6,0,2012,80000,1,1,0,20.0,1399.0,68.0,5.0,8
6,8,2009,39408,1,1,0,17.8,1399.0,110.38042013311147,5.0,11
8,8,2015,27525,3,1,0,18.7,1199.0,88.7,5.0,5
9,6,2018,27000,1,1,0,24.0,1186.0,73.97,5.0,2
24,10,2015,82799,1,1,0,21.14,1498.0,103.52,5.0,5
16,10,2017,8000,3,1,0,20.89,1197.0,81.8,5.0,3
26,9,2014,46000,1,0,2,12.55,2982.0,168.5,7.0,6
9,10,2012,98000,1,1,0,22.32,1582.0,126.3,5.0,8
9,3,2016,47924,3,1,0,21.1,814.0,55.2,5.0,4
6,2,2013,39000,3,0,0,16.5,1499.0,110.0,5.0,7
9,3,2017,33601,3,1,0,18.9,1197.0,82.0,5.0,3
9,10,2015,85000,1,0,0,17.6,1582.0,126.2,5.0,5
26,10,2012,54000,3,1,0,14.53,1798.0,138.1,5.0,8
16,10,2017,35000,1,1,0,24.3,1248.0,88.5,5.0,3
27,5,2013,80020,1,1,2,22.07,1199.0,74.0,5.0,7
6,2,2005,87500,3,1,2,13.8,1399.0,68.0,5.0,15
8,9,2015,59500,3,1,0,17.3,1497.0,117.3,7.0,5
8,5,2015,76000,1,1,0,24.2,1498.0,98.6,7.0,5
22,1,2014,43000,1,0,2,15.15,2967.0,240.0,5.0,6
8,7,2015,41850,3,1,0,18.0,1198.0,86.7,5.0,5
0,5,2015,52300,1,0,0,20.38,1968.0,143.0,5.0,5
15,10,2013,31924,1,1,0,15.1,2179.0,140.0,7.0,7
9,3,2014,77914,1,1,0,16.2,1493.0,110.0,5.0,6
6,10,2013,70000,1,1,0,22.7,1498.0,89.84,5.0,7
16,2,2010,94385,3,1,2,19.7,796.0,46.3,5.0,10
23,6,2012,57000,1,1,2,23.08,1461.0,63.12,5.0,8
9,3,2016,27039,3,1,0,20.3,998.0,68.05,5.0,4
8,4,2015,11000,3,1,0,18.0,1198.0,86.7,5.0,5
27,6,2016,57669,1,0,0,21.5,1498.0,108.5,5.0,4
26,10,2011,124000,1,1,0,11.5,2982.0,171.0,7.0,9
16,9,2017,29500,1,1,0,23.65,1248.0,88.5,5.0,3
16,6,2000,75000,3,1,0,16.1,796.0,37.0,4.0,20
16,3,2015,54186,3,0,0,23.1,998.0,67.04,5.0,5
8,9,2015,36990,3,1,0,19.4,1198.0,86.8,5.0,5
16,5,2016,90000,1,1,0,19.3,1248.0,73.9,5.0,4
26,9,2018,23000,1,0,0,11.36,2755.0,171.5,8.0,2
16,4,2016,23582,3,1,2,19.34,1462.0,103.0,7.0,4
16,6,2009,87000,3,1,2,19.0,998.0,66.1,5.0,11
5,8,2019,1000,1,1,0,20.5,1248.0,91.72,5.0,1
16,7,2015,58634,1,1,0,28.4,1248.0,74.0,5.0,5
20,7,2013,41377,1,1,2,22.71,1461.0,84.8,5.0,7
9,6,2015,43000,3,1,0,21.1,814.0,55.2,5.0,5
8,7,2015,77372,3,1,0,18.0,1198.0,86.7,5.0,5
6,2,2006,49000,3,1,2,16.6,1388.0,68.0,5.0,14
8,4,2015,48000,3,0,0,18.0,1497.0,117.3,5.0,5
8,5,2012,30000,3,1,0,19.4,1198.0,86.8,5.0,8
16,8,2012,47000,3,1,0,18.9,998.0,67.1,5.0,8
9,6,2016,76681,1,0,0,22.7,1582.0,126.2,5.0,4
8,9,2010,106565,3,0,0,10.2,2354.0,180.0,5.0,10
16,3,2011,37492,3,0,0,22.5,998.0,67.0,5.0,9
3,3,2014,72843,1,1,2,17.3,1998.0,163.7,5.0,6
9,7,2013,55653,3,1,0,17.0,1197.0,80.0,5.0,7
25,0,2013,35000,3,1,0,25.4,624.0,37.48,4.0,7
6,4,2014,44000,3,1,0,15.8,1499.0,110.0,5.0,6
25,10,2012,43200,1,1,0,19.1,1405.0,70.0,5.0,8
24,6,2005,117000,1,1,0,18.7,1896.0,66.0,5.0,15
19,3,2016,63961,1,0,0,13.5,2477.0,175.56,7.0,4
18,9,2015,20000,1,0,0,20.7,1496.0,113.98,4.0,5
9,10,2016,34000,3,1,0,19.1,1197.0,81.86,5.0,4
9,8,2015,35000,3,1,0,18.6,1197.0,81.83,5.0,5
9,9,2013,43000,3,1,0,18.5,1197.0,82.85,5.0,7
9,5,2008,63193,3,1,0,20.36,1197.0,78.9,5.0,12
26,1,2008,110000,1,1,0,12.8,2494.0,102.0,8.0,12
16,7,2011,44547,3,1,0,16.51,1586.0,103.2,5.0,9
8,0,2011,65000,3,1,0,17.0,1497.0,118.0,5.0,9
16,9,2012,79000,3,1,2,18.5,1197.0,85.8,5.0,8
16,4,2017,33000,0,1,0,32.26,998.0,58.2,4.0,3
9,10,2014,108000,3,0,0,15.0,1396.0,98.6,5.0,6
26,7,2018,21302,1,1,0,13.68,2393.0,147.8,8.0,2
16,10,2014,82000,1,1,0,25.2,1248.0,74.0,5.0,6
26,2,2014,173000,1,1,2,12.99,2494.0,100.6,8.0,6
15,6,2013,72000,1,1,0,17.21,1493.0,100.0,7.0,7
15,1,2014,50299,1,1,0,15.1,2179.0,140.0,7.0,6
0,8,2014,60000,1,0,0,17.68,1968.0,174.33,5.0,6
26,8,2011,112999,1,1,0,11.5,2982.0,171.0,7.0,9
26,10,2010,183000,1,1,0,12.8,2494.0,102.0,7.0,10
12,3,2016,58840,1,0,0,16.36,2179.0,187.7,5.0,4
9,8,2014,58000,3,1,0,17.01,1591.0,121.3,5.0,6
9,6,2011,78000,1,1,0,21.9,1396.0,90.0,5.0,9
24,0,2018,34000,1,1,0,21.0,1968.0,141.0,5.0,2
9,5,2012,54982,3,1,0,20.36,1197.0,78.9,5.0,8
16,6,2008,65000,3,1,2,19.7,796.0,46.3,5.0,12
23,7,2018,16292,3,1,0,25.17,799.0,53.3,5.0,2
9,9,2015,11206,3,1,0,18.9,1197.0,82.0,5.0,5
9,10,2015,32100,3,0,0,18.9,1197.0,82.0,5.0,5
16,4,2018,22296,3,1,2,22.5,998.0,67.04,5.0,2
9,8,2015,36113,1,1,0,22.54,1396.0,88.73,5.0,5
28,4,2011,87000,1,0,2,13.1,2400.0,215.0,5.0,9
23,6,2018,1001,1,1,0,19.87,1461.0,83.8,5.0,2
8,5,2015,39822,3,0,0,18.0,1497.0,117.3,5.0,5
16,5,2008,81814,3,1,0,16.1,1298.0,88.2,5.0,12
9,2,2016,62000,1,1,0,19.67,1582.0,126.2,5.0,4
16,10,2017,71000,1,1,2,26.59,1248.0,74.0,5.0,3
8,3,2019,10452,3,0,0,19.0,1199.0,88.7,5.0,1
25,8,2018,1520,3,1,0,23.84,1199.0,84.0,5.0,2
8,2,2013,35315,3,1,2,19.4,1198.0,86.8,5.0,7
16,5,2014,91722,1,1,0,25.2,1248.0,74.0,5.0,6
9,10,2011,35976,3,1,0,17.0,1197.0,80.0,5.0,9
23,4,2016,22000,3,1,0,25.17,799.0,53.3,5.0,4
0,5,2011,71000,1,0,0,18.53,1968.0,187.74,5.0,9
9,10,2014,25000,3,1,0,18.9,1197.0,82.0,5.0,6
16,5,2010,54486,3,1,0,19.7,796.0,46.3,5.0,10
12,8,2017,18366,3,0,0,10.8,1997.0,246.74,5.0,3
25,8,2010,16000,3,1,0,15.0,1368.0,90.0,5.0,10
25,3,2017,31176,3,0,0,21.9,624.0,37.48,4.0,3
1,6,2012,88375,1,0,2,17.05,1995.0,184.0,5.0,8
16,6,2017,34500,3,0,0,20.51,998.0,67.0,5.0,3
26,5,2012,80000,1,1,0,12.55,2982.0,168.5,7.0,8
27,4,2013,46000,1,1,0,22.07,1199.0,73.9,5.0,7
8,9,2009,70000,3,0,3,13.9,1799.0,130.2,5.0,11
1,5,2009,51000,1,0,0,14.49,2993.0,258.0,5.0,11
15,4,2017,25000,1,0,0,16.0,2179.0,140.0,7.0,3
9,3,2017,25132,3,0,0,14.5,1797.0,147.4,5.0,3
26,4,2011,70000,3,1,0,14.53,1798.0,138.1,5.0,9
16,7,2015,48913,3,1,0,24.7,796.0,47.3,5.0,5
8,5,2014,63000,1,1,0,25.6,1498.0,98.6,5.0,6
16,6,2011,90000,3,1,0,19.7,796.0,46.3,5.0,9
8,2,2013,55000,3,1,0,19.4,1198.0,86.8,5.0,7
27,9,2013,51000,3,1,0,16.47,1198.0,73.9,5.0,7
16,10,2012,35844,3,1,2,18.5,1197.0,85.8,5.0,8
20,8,2012,14850,3,0,0,10.0,3696.0,328.5,2.0,8
0,5,2014,98000,1,0,0,17.68,1968.0,174.33,5.0,6
9,9,2015,17000,3,1,0,18.6,1197.0,81.83,5.0,5
9,9,2013,42670,1,1,0,22.32,1582.0,126.3,5.0,7
1,7,2014,33128,1,0,0,17.54,2993.0,313.0,4.0,6
16,2,2018,7300,3,1,2,24.07,998.0,67.1,5.0,2
9,8,2016,53416,1,1,0,22.54,1396.0,88.73,5.0,4
26,2,2011,47000,3,1,2,17.6,1496.0,88.73,5.0,9
9,0,2008,72002,1,1,2,13.6,1991.0,142.0,5.0,12
24,10,2016,47000,1,0,0,21.72,1498.0,108.4,5.0,4
0,3,2016,47634,1,0,0,17.68,1968.0,174.33,5.0,4
27,0,2015,62000,3,1,0,16.47,1198.0,74.0,5.0,5
6,2,2013,65000,1,1,2,19.68,1399.0,67.0,5.0,7
23,5,2014,92448,1,1,0,17.15,1995.0,147.9,5.0,6
6,2,2014,68000,1,1,0,22.7,1498.0,89.84,5.0,6
14,9,2011,87000,1,0,0,0.0,2179.0,115.0,5.0,9
8,10,2016,108000,1,1,0,25.8,1498.0,98.6,5.0,4
28,2,2015,60000,1,0,0,23.3,1984.0,150.0,5.0,5
9,2,2011,82000,3,1,0,20.36,1197.0,78.9,5.0,9
6,6,2016,26189,3,1,0,18.16,1196.0,86.8,5.0,4
16,6,2016,26300,1,1,0,28.09,1248.0,88.5,5.0,4
26,9,2016,35000,1,0,0,12.55,2982.0,168.7,7.0,4
25,10,2010,67000,1,1,0,18.0,1248.0,75.0,5.0,10
9,6,2012,42285,3,1,0,22.0,814.0,55.0,5.0,8
15,8,2017,7000,3,1,0,18.15,1198.0,82.0,6.0,3
9,10,2016,42000,3,1,0,18.6,1197.0,81.83,5.0,4
9,7,2015,56967,3,1,0,17.92,1086.0,62.1,5.0,5
17,3,2019,29566,1,0,0,17.9,2143.0,170.0,5.0,1
16,7,2015,41836,3,1,0,20.51,998.0,67.04,5.0,5
15,3,2018,19764,1,1,0,16.5,1493.0,70.0,7.0,2
25,8,2009,134000,1,1,0,18.0,1248.0,75.0,5.0,11
9,4,2018,8321,3,1,0,18.6,1197.0,81.86,5.0,2
25,10,2015,174000,1,1,0,19.1,1405.0,70.0,5.0,5
26,10,2002,119613,1,1,2,13.1,2446.0,75.0,10.0,18
16,2,2017,21000,3,1,0,20.85,1197.0,83.14,5.0,3
27,9,2015,55600,1,1,0,20.34,1498.0,103.2,5.0,5
5,8,2014,61000,1,1,0,19.5,1248.0,75.0,5.0,6
8,10,2013,38428,3,1,2,19.4,1198.0,86.8,5.0,7
1,2,2009,95000,1,0,2,18.48,1593.5849673202615,110.38042013311147,5.28454619787408,11
9,9,2012,18000,3,1,0,17.0,1197.0,80.0,5.0,8
6,2,2019,7000,1,0,0,12.62,2198.0,158.0,7.0,1
9,7,2016,24779,3,1,0,18.6,1197.0,81.83,5.0,4
16,7,2019,17431,3,1,0,21.5,1197.0,81.8,5.0,1
15,2,2008,88000,1,1,0,12.05,2179.0,120.0,8.0,12
16,7,2015,29347,3,1,0,22.5,998.0,67.04,5.0,5
16,0,2015,24000,1,1,0,26.21,1248.0,88.5,5.0,5
0,3,2016,60249,1,0,0,18.25,1968.0,187.74,5.0,4
16,9,2017,15000,3,1,0,20.73,1373.0,91.1,5.0,3
6,8,2018,3013,1,1,0,24.4,1498.0,98.63,5.0,2
26,8,2013,60000,1,1,0,23.59,1364.0,110.38042013311147,5.0,7
15,5,2013,83503,1,1,0,15.1,2179.0,140.0,7.0,7
3,9,2011,69000,1,1,2,18.3,1991.0,147.9,5.0,9
9,8,2018,54000,3,1,0,21.1,814.0,55.2,5.0,2
16,1,2013,49000,1,1,0,23.2,1248.0,73.94,5.0,7
26,5,2013,86000,1,1,0,23.59,1364.0,110.38042013311147,5.0,7
16,2,2010,36000,3,1,2,22.5,998.0,67.04,5.0,10
6,3,2018,12899,3,1,0,15.85,1499.0,110.4,5.0,2
23,1,2016,56839,1,0,0,19.6,1461.0,108.45,5.0,4
16,10,2012,46972,3,1,0,22.0,1197.0,81.8,5.0,8
15,3,2015,96012,1,1,0,14.95,2489.0,93.7,7.0,5
26,7,2012,59311,3,1,0,18.3,1593.5849673202615,110.38042013311147,5.28454619787408,8
8,0,2010,90000,3,0,3,10.1,2354.0,152.0,5.0,10
5,7,2016,32835,1,1,0,20.5,1248.0,91.7,5.0,4
9,7,2017,60739,1,0,0,17.01,1582.0,126.2,5.0,3
5,9,2017,19476,3,0,0,19.0,1368.0,160.0,4.0,3
6,9,2017,15000,3,1,0,18.88,999.0,123.24,5.0,3
12,5,2011,53000,1,0,0,14.74,2993.0,270.9,5.0,9
9,2,2016,20000,3,1,2,18.9,1197.0,82.0,5.0,4
17,5,2008,67000,1,0,0,8.7,2987.0,224.34,5.0,12
26,1,2009,140000,1,1,2,12.8,2494.0,102.0,7.0,11
8,4,2011,25000,3,0,2,11.7,2354.0,177.6,5.0,9
16,6,2007,69000,3,1,2,18.9,998.0,67.1,5.0,13
9,5,2013,65461,1,1,0,21.9,1396.0,90.0,5.0,7
16,8,2014,33000,3,1,0,18.6,1197.0,85.8,5.0,6
8,0,2011,52000,3,1,0,17.0,1497.0,118.0,5.0,9
27,7,2015,29215,3,1,0,16.47,1198.0,74.0,5.0,5
9,6,2010,40000,2,1,2,13.2,1495.0,93.7,5.0,10
10,6,2017,290000,1,1,0,12.4,2499.0,134.0,5.0,3
8,3,2017,14519,3,1,0,15.4,1497.0,117.3,7.0,3
16,6,2012,350000,1,1,0,23.4,1248.0,74.0,5.0,8
8,8,2014,39000,1,1,0,24.2,1498.0,98.6,7.0,6
16,3,2016,40130,3,1,0,16.02,1373.0,93.7,7.0,4
19,1,2015,58000,1,0,0,13.5,2477.0,175.56,7.0,5
17,1,2013,43000,1,0,0,15.0,2147.0,107.3,5.0,7
16,9,2017,15500,0,1,0,15.1,1196.0,73.0,5.0,3
27,9,2011,34948,3,1,0,16.09,1598.0,103.5,5.0,9
16,1,2006,98245,3,1,3,11.3,1298.0,83.1,8.0,14
8,4,2014,36390,1,1,0,26.0,1498.0,98.6,5.0,6
16,9,2010,122000,3,1,0,17.5,1197.0,85.8,5.0,10
27,0,2013,79003,1,1,0,20.54,1598.0,103.6,5.0,7
24,7,2013,78830,1,0,2,17.0,1896.0,105.0,5.0,7
8,9,2011,53000,3,1,0,19.4,1198.0,86.8,5.0,9
16,2,2009,53000,3,1,2,19.0,998.0,66.1,5.0,11
16,6,2011,82000,1,1,2,21.5,1248.0,88.8,5.0,9
9,9,2013,95000,1,1,0,22.54,1582.0,126.2,5.0,7
16,7,2017,18090,3,1,0,24.07,998.0,67.1,5.0,3
16,10,2004,70332,3,1,3,19.7,796.0,46.3,5.0,16
4,6,2018,46000,3,1,0,22.7,799.0,53.64,5.0,2
6,7,2015,63402,1,1,0,22.7,1498.0,89.84,5.0,5
8,8,2017,13000,1,1,0,26.0,1498.0,98.6,5.0,3
17,10,2010,65505,1,0,0,14.94,2143.0,204.0,5.0,10
9,10,2006,154000,3,1,3,13.2,2359.0,165.0,5.0,14
3,1,2008,85142,3,1,2,18.0,995.0,62.0,5.0,12
27,6,2016,45000,3,1,0,16.2,1199.0,74.0,5.0,4
9,4,2011,48000,3,1,0,20.36,1197.0,78.9,5.0,9
26,4,2012,77800,3,1,0,18.3,1197.0,110.38042013311147,5.0,8
16,7,2016,39549,3,1,0,24.07,998.0,67.1,5.0,4
8,7,2011,100922,3,0,2,10.1,2354.0,152.0,5.0,9
9,2,2013,55000,3,0,0,17.01,1591.0,121.4,5.0,7
17,5,2011,45000,1,0,2,14.94,2143.0,204.0,5.0,9
8,6,2017,145000,3,0,0,18.1,1199.0,88.7,5.0,3
15,8,2011,45000,1,1,0,14.0,2498.0,112.0,8.0,9
9,1,2012,44000,3,0,0,12.37,2359.0,198.25,5.0,8
9,1,2015,48000,1,1,0,21.38,1396.0,88.7,5.0,5
26,7,2011,64139,1,1,0,12.8,2494.0,102.0,7.0,9
8,7,2019,11574,3,1,0,0.0,1199.0,88.7,5.28454619787408,1
16,8,2013,14311,0,1,0,30.46,796.0,47.3,5.0,7
9,1,2016,20000,3,1,0,18.6,1197.0,81.83,5.0,4
17,3,2018,18338,3,0,0,19.0,2996.0,362.07,2.0,2
9,7,2019,17964,1,1,0,22.54,1396.0,88.73,5.0,1
26,5,2012,55500,1,0,0,11.5,2982.0,169.0,7.0,8
15,2,2008,130000,1,1,2,12.05,2179.0,120.0,8.0,12
17,5,2016,50000,1,0,0,11.57,2987.0,254.79,5.0,4
27,9,2015,49830,3,1,0,16.2,1199.0,74.0,5.0,5
1,8,2009,49000,1,0,0,18.48,1995.0,177.0,5.0,11
6,8,2013,53967,1,1,0,22.7,1498.0,89.84,5.0,7
16,9,2011,54000,3,1,0,15.0,1586.0,104.68,5.0,9
9,5,2009,75000,3,0,0,15.0,1396.0,100.0,5.0,11
9,10,2016,100000,1,1,0,24.4,1120.0,71.0,5.0,4
23,2,2015,142000,1,1,0,19.98,1461.0,108.5,8.0,5
23,6,2012,83388,1,1,2,19.01,1461.0,108.45,5.0,8
16,4,2012,62000,3,1,0,17.5,1298.0,85.8,5.0,8
8,8,2016,61000,1,1,0,26.0,1498.0,98.6,5.0,4
0,1,2011,45000,1,0,0,14.94,2967.0,241.4,5.0,9
17,1,2013,33000,1,1,0,10.0,1796.0,157.7,5.0,7
26,10,2014,113565,1,1,0,12.99,2494.0,100.6,8.0,6
27,5,2008,131000,1,1,0,15.0,1896.0,105.0,5.0,12
15,4,2015,72253,1,1,0,15.96,2523.0,62.1,7.0,5
16,3,2016,46346,3,1,0,20.85,1197.0,83.14,5.0,4
8,5,2016,37000,3,1,0,17.0,1497.0,118.0,5.0,4
9,3,2019,56371,1,1,0,24.0,1186.0,73.97,5.0,1
25,10,2016,98500,1,1,0,25.0,1396.0,69.01,5.0,4
16,0,2015,71588,1,1,0,27.39,1248.0,74.0,5.0,5
16,0,2014,68000,3,1,0,24.7,796.0,47.3,5.0,6
17,9,2003,66800,3,0,2,11.2,2497.0,203.0,5.0,17
16,2,2016,90000,1,1,0,19.3,1248.0,73.9,5.0,4
20,6,2013,54000,1,1,0,20.45,1461.0,83.8,5.0,7
17,9,2011,87248,3,0,2,14.74,1991.0,184.0,5.0,9
16,10,2017,9052,3,1,0,23.1,998.0,67.04,5.0,3
9,4,2014,67320,3,1,0,17.92,1086.0,62.1,5.0,6
27,7,2018,28635,3,1,0,16.2,1199.0,74.0,5.0,2
15,7,2016,78904,1,1,0,15.96,2523.0,62.1,7.0,4
1,7,2018,16409,1,0,0,14.69,2993.0,258.0,5.0,2
8,4,2012,61180,3,1,2,16.8,1497.0,116.3,5.0,8
9,4,2014,59577,3,1,2,18.5,1197.0,82.85,5.0,6
26,9,2016,24104,1,1,0,12.99,2494.0,100.0,8.0,4
1,9,2008,69000,1,0,3,16.73,2495.0,218.0,5.0,12
27,1,2015,35000,3,0,0,17.21,1197.0,103.6,5.0,5
19,0,2014,75000,1,0,0,13.5,2477.0,175.56,7.0,6
16,6,2014,98000,3,1,0,16.02,1373.0,93.7,7.0,6
0,2,2014,51843,1,0,3,17.68,1968.0,174.33,5.0,6
16,6,2013,80000,1,1,2,23.4,1248.0,74.0,5.0,7
26,10,2009,110000,1,1,3,11.5,2982.0,171.0,7.0,11
9,7,2015,75383,3,1,0,19.81,1086.0,68.05,5.0,5
15,7,2017,31861,1,0,0,18.49,1493.0,100.0,7.0,3
17,9,2011,57900,1,1,0,15.8,2148.0,170.0,5.0,9
16,4,2014,48000,1,1,0,19.3,1248.0,73.9,5.0,6
9,7,2015,33544,3,1,0,18.5,1197.0,82.85,5.0,5
16,2,2015,65000,1,1,0,25.2,1248.0,74.0,5.0,5
26,3,2017,103189,1,1,0,13.68,2393.0,147.8,8.0,3
26,7,2017,35007,3,1,0,16.78,1496.0,88.73,5.0,3
26,10,2010,98000,1,1,0,21.43,1364.0,87.2,5.0,10
9,5,2017,25678,1,1,0,24.0,1186.0,73.97,5.0,3
16,3,2015,65636,1,1,0,21.79,1248.0,88.73,5.0,5
0,7,2015,21730,1,0,0,17.68,1968.0,174.33,5.0,5
8,2,2013,46112,3,1,0,18.0,1198.0,86.7,5.0,7
9,8,2015,20000,3,1,0,18.6,1197.0,81.83,5.0,5
15,5,2013,67000,1,1,0,15.1,2179.0,140.0,7.0,7
17,0,2016,29000,1,0,0,13.0,2143.0,204.0,5.0,4
9,10,2014,86000,1,1,0,24.8,1396.0,88.7,5.0,6
8,5,2013,34000,3,1,0,18.0,1198.0,86.7,5.0,7
0,1,2014,36000,1,0,0,17.11,1968.0,174.33,5.0,6
9,9,2013,49000,3,1,0,20.36,1197.0,78.9,5.0,7
25,9,2017,7000,3,1,0,20.3,1199.0,84.0,5.0,3
9,8,2014,60188,1,1,0,24.4,1120.0,71.0,5.0,6
6,0,2012,79000,1,1,0,20.0,1399.0,68.0,5.0,8
26,2,2012,115439,1,1,2,12.99,2494.0,100.0,7.0,8
9,10,2011,104500,1,1,2,23.0,1396.0,90.0,5.0,9
17,4,2013,35000,1,0,0,13.0,2143.0,204.0,5.0,7
9,3,2016,26186,1,1,0,19.67,1582.0,126.2,5.0,4
3,10,2012,58061,3,1,0,18.0,995.0,62.0,5.0,8
9,0,2011,62000,1,1,0,23.0,1396.0,90.0,5.0,9
16,9,2013,118000,1,1,2,23.4,1248.0,74.0,5.0,7
9,2,2009,65000,3,1,0,20.36,1197.0,78.9,5.0,11
9,5,2008,44379,3,1,0,17.92,1086.0,62.1,5.0,12
6,7,2017,61041,1,1,0,22.7,1498.0,89.84,5.0,3
6,1,2011,73000,1,1,2,17.8,1399.0,67.0,5.0,9
9,10,2016,57297,1,0,0,17.01,1582.0,126.2,5.0,4
9,5,2015,28700,3,1,2,15.29,1591.0,121.3,5.0,5
8,5,2013,85264,3,1,0,17.0,1497.0,118.0,5.0,7
16,5,2017,20000,3,0,0,20.89,1197.0,81.8,5.0,3
8,5,2017,11934,3,0,0,18.0,1497.0,117.3,5.0,3
8,10,2010,83000,3,1,0,17.0,1497.0,118.0,5.0,10
6,5,2013,23000,3,1,0,15.3,1596.0,99.6,5.0,7
9,9,2017,14927,3,1,0,18.6,1197.0,81.83,5.0,3
26,5,2007,158000,3,1,2,13.4,1794.0,125.0,5.0,13
20,6,2011,111000,1,1,3,23.08,1461.0,63.1,5.0,9
16,5,2011,63528,3,1,0,19.7,796.0,46.3,5.0,9
16,6,2015,92000,1,1,0,26.21,1248.0,88.5,5.0,5
16,4,2017,41200,1,1,0,28.09,1248.0,88.5,5.0,3
15,3,2016,39052,1,1,0,15.1,2179.0,140.0,7.0,4
23,0,2014,55100,1,1,0,20.45,1461.0,83.8,5.0,6
9,0,2011,76958,3,1,0,17.0,1197.0,80.0,5.0,9
23,7,2015,70419,1,1,0,23.08,1461.0,63.12,5.0,5
16,9,2017,21000,3,0,0,20.51,998.0,67.0,5.0,3
1,4,2009,64000,3,0,0,7.94,4395.0,450.0,4.0,11
8,4,2011,63698,3,1,2,16.8,1497.0,116.3,5.0,9
25,3,2016,62715,1,1,0,23.03,1396.0,69.0,5.0,4
8,3,2013,37922,3,1,2,19.4,1198.0,86.8,5.0,7
8,0,2016,52000,1,1,0,27.3,1498.0,98.6,5.0,4
17,2,2013,47000,1,0,0,20.0,2143.0,107.3,5.0,7
26,9,2009,64000,3,1,2,14.53,1798.0,138.1,5.0,11
8,5,2007,109000,3,1,2,13.5,1799.0,130.0,5.0,13
9,9,2015,19000,1,1,0,19.67,1582.0,126.2,5.0,5
0,0,2009,99000,3,0,2,9.74,1984.0,208.0,5.0,11
21,5,2005,50000,3,1,2,14.2,1389.0,88.0,5.0,15
26,10,2013,105000,1,0,2,12.55,2982.0,168.5,7.0,7
9,6,2016,24000,3,1,0,15.29,1591.0,121.3,5.0,4
27,3,2017,23389,1,1,0,21.66,1498.0,108.62,5.0,3
9,0,2009,90000,3,1,0,18.5,1197.0,80.0,5.0,11
0,4,2013,20000,1,0,0,17.68,1968.0,174.33,5.0,7
9,6,2014,62269,1,1,0,24.0,1120.0,70.0,5.0,6
0,2,2015,69000,1,1,0,17.32,1968.0,138.13,5.0,5
1,7,2015,58898,1,0,0,14.69,2993.0,258.0,5.0,5
16,3,2018,29110,1,0,0,26.59,1248.0,74.0,5.0,2
9,7,2019,34649,3,0,0,18.9,1197.0,81.86,5.0,1
8,8,2017,13000,1,1,0,26.0,1498.0,98.6,5.0,3
9,6,2015,25043,3,1,0,18.9,1197.0,81.86,5.0,5
8,3,2018,36611,3,0,0,19.0,1199.0,88.7,5.0,2
16,6,2008,150000,1,1,2,17.8,1248.0,75.0,5.0,12
16,0,2015,82000,3,1,0,22.5,998.0,67.04,5.0,5
16,7,2017,45158,1,1,2,28.09,1248.0,88.5,5.0,3
27,3,2016,36968,3,0,0,16.93,1197.0,103.2,5.0,4
16,3,2015,53556,3,1,0,20.4,1197.0,81.8,5.0,5
24,1,2013,78500,1,0,0,20.0,1968.0,138.1,5.0,7
9,6,2017,133000,1,1,0,24.4,1120.0,71.0,5.0,3
9,3,2017,33186,1,1,0,19.67,1582.0,126.2,5.0,3
17,4,2012,65000,3,0,0,11.74,1796.0,186.0,5.0,8
16,3,2015,61903,1,1,0,22.9,1248.0,74.0,5.0,5
26,8,2011,25000,3,1,0,17.6,1496.0,88.73,5.0,9
9,3,2007,64168,3,0,0,17.0,1086.0,110.38042013311147,5.0,13
16,5,2017,8044,3,1,0,20.85,1197.0,83.14,5.0,3
0,1,2017,18000,1,0,0,13.22,2967.0,241.4,5.0,3
8,9,2013,80000,3,1,0,16.8,1497.0,116.3,5.0,7
15,2,2016,45000,1,1,0,25.32,1198.0,77.0,5.0,4
15,9,2013,78835,1,1,2,14.0,2498.0,112.0,8.0,7
25,7,2017,30631,3,1,0,23.84,1199.0,84.0,5.0,3
15,5,2011,72573,1,1,0,12.05,2179.0,120.0,8.0,9
26,4,2016,10000,1,0,0,11.36,2755.0,171.5,7.0,4
16,9,2011,50215,3,1,0,18.9,998.0,67.1,5.0,9
16,8,2009,9999,3,1,0,16.1,796.0,37.0,4.0,11
8,10,2008,110000,3,1,2,13.5,1799.0,130.0,5.0,12
3,6,2013,81000,1,1,0,25.44,936.0,57.6,5.0,7
15,4,2016,11000,1,1,0,16.55,2498.0,105.0,6.0,4
25,8,2017,59000,3,1,0,17.57,1193.0,88.7,5.0,3
9,9,2015,8300,3,1,0,21.1,814.0,55.2,5.0,5
15,9,2016,40000,1,0,0,11.18,2696.0,184.0,7.0,4
9,10,2016,83500,1,1,0,19.67,1582.0,126.2,5.0,4
25,8,2017,22000,1,1,0,22.95,1248.0,74.0,5.0,3
3,9,2013,39000,3,1,0,13.7,1399.0,98.82,7.0,7
24,10,2013,90000,1,0,0,17.2,1968.0,138.1,5.0,7
9,10,2012,134487,1,1,0,21.9,1396.0,88.8,5.0,8
0,1,2014,65000,1,0,0,15.73,1968.0,174.33,5.0,6
15,0,2015,48000,1,1,0,15.4,2179.0,120.0,7.0,5
1,1,2011,60000,1,0,0,13.2,1995.0,170.0,5.0,9
17,7,2015,23742,3,0,0,15.04,1991.0,360.0,5.0,5
8,5,2010,60268,3,1,0,17.0,1497.0,118.0,5.0,10
16,5,2016,70746,1,1,0,24.3,1248.0,88.5,5.0,4
26,4,2014,61000,3,0,0,12.98,2494.0,178.4,5.0,6
16,10,2007,102000,1,1,0,17.8,1248.0,75.0,5.0,13
9,1,2016,25000,3,0,2,14.5,1797.0,147.4,5.0,4
23,4,2013,64000,1,1,0,20.46,1461.0,83.8,5.0,7
0,5,2010,78265,1,0,0,12.19,2967.0,236.0,5.0,10
16,10,2006,76560,3,1,3,15.9,1298.0,85.0,5.0,14
13,8,2017,10000,1,1,0,17.1,1956.0,170.0,5.0,3
8,9,2010,52000,3,0,0,16.8,1497.0,118.0,5.0,10
25,6,2018,45000,1,1,0,22.95,1248.0,74.0,5.0,2
16,7,2018,29562,3,1,0,21.4,1197.0,83.1,5.0,2
16,8,2014,32000,1,1,0,26.59,1248.0,74.0,5.0,6
27,3,2016,22003,3,1,0,16.2,1199.0,74.0,5.0,4
18,10,2017,2890,3,1,0,13.8,1998.0,192.0,5.0,3
19,9,2015,52000,1,0,0,13.5,2477.0,175.56,7.0,5
8,10,2008,100000,3,1,2,17.7,1497.0,78.0,5.0,12
9,6,2013,60000,3,1,2,21.1,814.0,55.2,5.0,7
3,6,2010,6512,3,1,0,16.0,995.0,63.0,5.0,10
16,8,2008,39008,3,1,0,19.7,796.0,46.3,5.0,12
26,2,2003,136441,3,1,0,13.4,1794.0,125.0,5.0,17
9,8,2012,36200,3,1,0,17.0,1197.0,80.0,5.0,8
9,8,2015,32506,1,1,0,24.8,1396.0,88.7,5.0,5
3,10,2016,67000,3,1,0,13.7,1399.0,98.79,8.0,4
5,10,2011,59800,3,1,2,14.6,1368.0,88.7,5.0,9
15,3,2015,63008,1,1,0,15.1,2179.0,140.0,7.0,5
16,3,2018,57804,1,0,0,24.3,1248.0,88.5,5.0,2
26,8,2012,37212,3,1,0,18.3,1197.0,110.38042013311147,5.0,8
9,6,2015,65000,1,1,0,19.67,1582.0,126.2,5.0,5
9,3,2009,61259,3,1,0,17.92,1086.0,62.1,5.0,11
9,2,2010,50000,3,0,2,15.0,1396.0,100.0,5.0,10
9,9,2006,183513,1,1,2,14.9,1991.0,112.2,5.0,14
15,4,2015,66000,1,1,0,16.0,2179.0,140.0,7.0,5
0,7,2012,78979,1,0,0,18.53,1968.0,187.74,5.0,8
25,1,2016,30010,3,1,0,23.84,1199.0,84.0,5.0,4
17,7,2016,27508,1,0,0,20.0,2143.0,107.3,5.0,4
9,9,2014,28000,3,0,0,17.1,1591.0,121.4,5.0,6
17,9,2014,45000,1,0,0,19.27,2143.0,167.62,5.0,6
1,7,2013,86107,3,0,0,8.45,2979.0,321.0,5.0,7
14,5,2015,49000,1,0,2,12.7,2179.0,187.7,5.0,5
9,3,2018,32746,3,0,0,13.0,1591.0,121.3,5.0,2
27,9,2013,42758,3,0,0,16.93,1197.0,103.2,5.0,7
18,5,2013,50000,1,0,0,23.8,1998.0,112.0,5.0,7
28,3,2016,90904,1,0,0,9.0,1984.0,181.0,5.0,4
23,8,2012,52612,1,1,0,23.08,1461.0,63.12,5.0,8
8,8,2015,40000,3,1,0,18.0,1198.0,86.7,5.0,5
26,4,2012,80724,3,0,0,12.98,2494.0,178.4,5.0,8
16,5,2009,62659,3,1,0,19.7,796.0,46.3,5.0,11
24,7,2011,72734,3,0,2,14.67,1798.0,177.46,5.0,9
16,10,2015,15000,3,1,0,17.5,1373.0,91.1,7.0,5
0,1,2014,65475,1,0,0,16.55,1968.0,147.51,5.0,6
16,2,2012,71000,1,1,0,20.77,1248.0,88.76,7.0,8
17,1,2016,16000,1,0,0,19.27,2143.0,167.62,5.0,4
16,4,2011,72329,3,1,0,17.5,1197.0,85.8,5.0,9
17,3,2016,49398,1,0,0,17.9,2143.0,136.0,5.0,4
8,6,2016,44147,3,1,0,17.8,1497.0,117.3,5.0,4
16,0,2007,45000,3,1,0,19.7,796.0,46.3,5.0,13
26,4,2011,75000,1,1,0,11.5,2982.0,171.0,7.0,9
1,3,2017,22574,1,0,0,21.76,1995.0,190.0,5.0,3
9,7,2016,26642,3,1,0,18.6,1197.0,81.86,5.0,4
8,5,2013,81304,1,1,0,25.8,1498.0,98.6,5.0,7
27,8,2013,46000,1,1,0,15.0,1896.0,105.0,5.0,7
17,5,2007,99000,3,1,0,13.0,2987.0,210.0,5.0,13
9,10,2012,36317,3,1,0,21.1,814.0,55.2,5.0,8
16,10,2008,70000,3,1,0,18.2,998.0,67.1,5.0,12
9,5,2009,137711,1,1,0,16.8,1493.0,110.0,5.0,11
9,9,2018,18980,3,0,0,17.0,1591.0,121.3,5.0,2
9,9,2015,31293,3,1,0,18.6,1197.0,81.83,5.0,5
16,10,2004,43000,3,1,2,15.4,1590.0,94.0,5.0,16
8,0,2016,45000,1,1,0,27.3,1498.0,98.6,5.0,4
27,8,2012,53000,1,1,0,20.54,1598.0,103.6,5.0,8
9,10,2011,30000,3,1,0,19.81,1086.0,68.05,5.0,9
13,4,2017,13000,1,1,0,17.1,1956.0,170.0,5.0,3
23,4,2013,62000,1,1,0,19.01,1461.0,108.45,5.0,7
16,2,2012,35161,3,1,0,17.5,1298.0,85.8,5.0,8
16,6,2006,75000,3,1,0,19.7,796.0,46.3,5.0,14
25,3,2016,53590,3,0,0,21.9,624.0,37.48,4.0,4
9,2,2008,71467,3,1,0,19.81,1086.0,68.05,5.0,12
16,7,2011,66287,3,1,0,19.7,796.0,46.3,5.0,9
6,6,2012,85000,1,1,2,20.0,1399.0,68.0,5.0,8
14,5,2012,147202,1,0,0,11.8,2993.0,241.6,7.0,8
8,3,2016,72566,1,1,0,26.0,1498.0,98.6,5.0,4
16,10,2015,190000,1,1,0,23.2,1248.0,73.94,5.0,5
9,4,2017,25348,3,1,0,18.9,1197.0,81.86,5.0,3
9,4,2014,54000,3,0,0,18.9,1197.0,82.0,5.0,6
9,1,2015,33000,3,1,0,18.6,1197.0,81.83,5.0,5
1,4,2011,58067,1,0,0,18.48,1995.0,177.0,5.0,9
17,3,2015,43020,1,0,0,13.0,2143.0,201.1,5.0,5
26,5,2014,27641,1,1,0,12.99,2494.0,100.0,7.0,6
16,5,2016,46372,1,1,0,26.59,1248.0,74.0,5.0,4
16,7,2016,27535,3,1,0,24.07,998.0,67.1,5.0,4
1,7,2016,55615,1,0,0,22.48,1995.0,190.0,5.0,4
16,6,2017,19000,1,1,0,24.3,1248.0,88.5,5.0,3
9,8,2010,47000,3,1,0,16.2,1599.0,103.2,5.0,10
8,4,2015,60595,3,1,0,17.4,1497.0,117.3,5.0,5
25,5,2013,170000,1,1,0,22.3,1248.0,74.0,5.0,7
9,4,2017,14301,1,1,0,21.19,1396.0,88.73,5.0,3
0,7,2015,42741,1,0,2,17.68,1968.0,174.33,5.0,5
1,4,2015,31000,1,0,2,15.97,2993.0,258.0,5.0,5
9,4,2017,11000,3,1,0,15.29,1591.0,121.3,5.0,3
16,9,2018,3800,1,0,0,24.3,1248.0,88.5,5.0,2
6,3,2009,44702,3,1,0,16.6,1388.0,68.0,5.0,11
16,4,2017,14300,1,0,0,28.4,1248.0,73.75,5.0,3
8,3,2018,31542,3,1,0,17.4,1497.0,117.3,5.0,2
16,2,2015,31717,3,0,0,23.1,998.0,67.04,5.0,5
3,7,2011,99120,1,1,0,11.5,1991.0,147.9,7.0,9
4,2,2016,36000,3,1,0,19.83,1198.0,67.0,5.0,4
24,4,2010,40000,3,1,0,13.1,1798.0,157.8,5.0,10
9,0,2014,41000,3,1,0,0.0,1086.0,62.0,5.0,6
15,2,2007,160000,1,1,2,19.2,1461.0,65.0,5.0,13
25,10,2016,41413,1,1,0,27.28,1047.0,69.0,5.0,4
27,9,2011,67500,3,0,2,14.4,1598.0,103.6,5.0,9
9,10,2014,30315,3,1,0,18.6,1197.0,81.83,5.0,6
6,7,2017,39015,3,1,0,17.0,1497.0,121.36,5.0,3
13,9,2018,6000,3,1,0,16.0,1368.0,160.0,5.0,2
0,1,2014,21143,1,0,0,16.55,1968.0,147.51,5.0,6
9,7,2013,42203,3,1,0,17.1,1591.0,121.3,5.0,7
16,7,2017,21380,1,1,0,24.3,1248.0,88.5,5.0,3
9,7,2018,23955,3,1,0,18.6,1197.0,81.86,5.0,2
8,8,2013,38568,1,1,0,25.8,1498.0,98.6,5.0,7
0,5,2011,64000,1,0,0,16.55,1968.0,147.51,5.0,9
8,5,2014,57000,3,0,0,15.5,1198.0,86.7,5.0,6
8,3,2017,44556,1,1,0,27.3,1498.0,98.6,5.0,3
1,4,2012,80000,1,0,0,16.73,2993.0,218.0,5.0,8
9,8,2015,39000,3,1,0,18.9,1197.0,82.0,5.0,5
23,2,2015,70000,1,1,0,19.87,1461.0,83.8,5.0,5
3,10,2009,45463,3,1,0,14.49,1399.0,92.7,5.0,11
8,7,2015,44776,3,1,0,18.0,1198.0,86.7,5.0,5
9,3,2016,18242,3,0,0,18.9,1197.0,82.0,5.0,4
9,3,2015,21190,3,1,0,21.1,814.0,55.2,5.0,5
27,5,2011,89411,1,1,0,20.54,1598.0,103.6,5.0,9
27,9,2015,59000,3,0,0,17.21,1197.0,103.6,5.0,5
20,8,2012,28000,1,1,0,23.08,1461.0,63.1,5.0,8
27,10,2013,52262,3,0,3,17.2,1197.0,103.6,5.0,7
17,7,2014,72443,1,0,0,10.0,2148.0,170.0,5.0,6
